URL;URL_LENGTH;SERVER;DURATION;TIPO
M0_109;16;NGINX;490254;MALIGNA
B0_2314;16;APACHE;NA;BENIGNA
B0_911;16;MICROSOFT-HTTPAPI;NA;BENIGNA
B0_113;17;NGINX;NA;BENIGNA
B0_403;17;NONE;9895269;BENIGNA
B0_2064;18;NGINX;NA;BENIGNA
B0_462;18;APACHE;NA;BENIGNA
B0_1128;19;MICROSOFT-HTTPAPI;NA;BENIGNA
M2_17;20;NGINX;NA;MALIGNA
M3_75;20;NGINX;NA;MALIGNA
B0_1013;20;APACHE;NA;BENIGNA
B0_1102;20;MICROSOFT-HTTPAPI;NA;BENIGNA
B0_22;20;NONE;803869;BENIGNA
B0_482;20;NGINX;12284491;BENIGNA
B0_869;20;APACHE;NA;BENIGNA
M0_71;21;APACHE;433152;MALIGNA
M0_97;21;NGINX;NA;MALIGNA
B0_2303;21;MICROSOFT-HTTPAPI;NA;BENIGNA
B0_584;21;NGINX;15049334;BENIGNA
M0_69;22;MICROSOFT-HTTPAPI;432210;MALIGNA
B0_161;22;OPENRESTY;3998153;BENIGNA
B0_2122;22;NGINX;NA;BENIGNA
B0_2176;22;APACHE;NA;BENIGNA
B0_569;22;APACHE;14770983;BENIGNA
B0_601;22;NGINX;15278873;BENIGNA
B0_884;22;APACHE;NA;BENIGNA
B0_905;22;NGINX;NA;BENIGNA
B0_916;22;NGINX;NA;BENIGNA
B0_102;23;APACHE;3094172;BENIGNA
B0_1130;23;APACHE;NA;BENIGNA
B0_1185;23;MICROSOFT-HTTPAPI;NA;BENIGNA
B0_1369;23;NGINX;NA;BENIGNA
B0_1412;23;ORACLE-IPLANET-WEB-SERVER;NA;BENIGNA
B0_2217;23;NONE;NA;BENIGNA
B0_2240;23;NGINX;NA;BENIGNA
B0_23;23;NONE;NA;BENIGNA
B0_241;23;NONE;NA;BENIGNA
B0_285;23;NONE;7248428;BENIGNA
B0_465;23;CLOUDFLARE-NGINX;12084293;BENIGNA
B0_599;23;NGINX;15273200;BENIGNA
B0_614;23;APACHE;NA;BENIGNA
B0_622;23;APACHE;16033702;BENIGNA
B0_790;23;MICROSOFT-HTTPAPI;NA;BENIGNA
M0_175;24;NGINX;NA;MALIGNA
M0_89;24;APACHE;469382;MALIGNA
B0_108;24;OPENRESTY;3119399;BENIGNA
B0_126;24;NONE;3211991;BENIGNA
B0_171;24;NGINX;4274945;BENIGNA
B0_2301;24;HEPTU WEB SERVER;NA;BENIGNA
B0_2313;24;PEPYAKA;NA;BENIGNA
B0_2315;24;MICROSOFT-HTTPAPI;NA;BENIGNA
B0_282;24;APACHE;7244591;BENIGNA
B0_321;24;NGINX;NA;BENIGNA
B0_326;24;APACHE;NA;BENIGNA
B0_483;24;NGINX;12298831;BENIGNA
B0_543;24;APACHE;NA;BENIGNA
B0_656;24;APACHE;NA;BENIGNA
B0_1163;25;APACHE;NA;BENIGNA
B0_1308;25;NGINX;NA;BENIGNA
B0_1347;25;NGINX;NA;BENIGNA
B0_2127;25;MICROSOFT-IIS;NA;BENIGNA
B0_2224;25;LITESPEED;NA;BENIGNA
B0_468;25;APACHE;12168965;BENIGNA
B0_568;25;NGINX;14770467;BENIGNA
B0_577;25;NONE;NA;BENIGNA
B0_704;25;APACHE;NA;BENIGNA
B0_781;25;APACHE;NA;BENIGNA
B0_786;25;MICROSOFT-HTTPAPI;NA;BENIGNA
B0_886;25;APACHE;NA;BENIGNA
M0_111;26;NGINX;493520;MALIGNA
M0_15;26;NGINX;4294935825;MALIGNA
M0_171;26;NGINX;1137850;MALIGNA
M0_68;26;APACHE;431700;MALIGNA
M0_70;26;APACHE;432682;MALIGNA
M0_72;26;APACHE;433628;MALIGNA
B0_1125;26;NGINX;NA;BENIGNA
B0_1205;26;CLOUDFLARE-NGINX;NA;BENIGNA
B0_1321;26;NGINX;NA;BENIGNA
B0_1374;26;APACHE;NA;BENIGNA
B0_159;26;APACHE;3946735;BENIGNA
B0_173;26;NGINX;4348078;BENIGNA
B0_179;26;TSA_C;4495156;BENIGNA
B0_2027;26;NGINX;NA;BENIGNA
B0_2152;26;APACHE;NA;BENIGNA
B0_2293;26;NONE;NA;BENIGNA
B0_256;26;APACHE;NA;BENIGNA
B0_258;26;NGINX;6579480;BENIGNA
B0_297;26;NGINX;7522865;BENIGNA
B0_660;26;CLOUDFLARE-NGINX;NA;BENIGNA
B0_793;26;NGINX;NA;BENIGNA
B0_859;26;NONE;NA;BENIGNA
B0_883;26;CLOUDFLARE-NGINX;NA;BENIGNA
B0_928;26;NGINX;NA;BENIGNA
B0_982;26;NGINX;NA;BENIGNA
M0_67;27;APACHE;NA;MALIGNA
M0_75;27;APACHE;NA;MALIGNA
B0_1209;27;NGINX;NA;BENIGNA
B0_1353;27;MICROSOFT-HTTPAPI;NA;BENIGNA
B0_2085;27;OPENRESTY;NA;BENIGNA
B0_362;27;APACHE;9217729;BENIGNA
B0_453;27;APACHE;11994770;BENIGNA
B0_966;27;APACHE;NA;BENIGNA
M0_21;28;APACHE;4294940333;MALIGNA
M0_94;28;MICROSOFT-HTTPAPI;NA;MALIGNA
B0_1020;28;NGINX;NA;BENIGNA
B0_1038;28;NONE;NA;BENIGNA
B0_1357;28;APACHE;NA;BENIGNA
B0_1413;28;CLOUDFLARE-NGINX;NA;BENIGNA
B0_2061;28;NONE;NA;BENIGNA
B0_2182;28;CLOUDFLARE-NGINX;NA;BENIGNA
B0_2228;28;MICROSOFT-IIS;NA;BENIGNA
B0_229;28;APACHE;5835342;BENIGNA
B0_2309;28;APACHE;11773578;BENIGNA
B0_310;28;MICROSOFT-IIS;NA;BENIGNA
B0_332;28;APACHE;8229499;BENIGNA
B0_438;28;GSE;11224334;BENIGNA
B0_563;28;APACHE;14760443;BENIGNA
B0_638;28;APACHE;NA;BENIGNA
B0_695;28;MICROSOFT-HTTPAPI;18451221;BENIGNA
B0_835;28;PEPYAKA;NA;BENIGNA
B0_96;28;NONE;NA;BENIGNA
B0_981;28;NGINX;NA;BENIGNA
M0_106;29;APACHE;488565;MALIGNA
M0_74;29;MICROSOFT-HTTPAPI;437423;MALIGNA
B0_1044;29;APACHE;NA;BENIGNA
B0_1051;29;TSA_C;NA;BENIGNA
B0_1095;29;APACHE;NA;BENIGNA
B0_1096;29;APACHE;NA;BENIGNA
B0_1117;29;NGINX;NA;BENIGNA
B0_1154;29;APACHE;NA;BENIGNA
B0_1287;29;APACHE;NA;BENIGNA
B0_1408;29;APACHE;NA;BENIGNA
B0_170;29;APACHE;4271106;BENIGNA
B0_2024;29;MICROSOFT-HTTPAPI;NA;BENIGNA
B0_2089;29;APACHE;NA;BENIGNA
B0_2123;29;APACHE;NA;BENIGNA
B0_2128;29;APACHE;NA;BENIGNA
B0_2166;29;NONE;NA;BENIGNA
B0_2242;29;NGINX;NA;BENIGNA
B0_2266;29;APACHE;NA;BENIGNA
B0_259;29;MICROSOFT-HTTPAPI;6648440;BENIGNA
B0_44;29;NONE;NA;BENIGNA
B0_448;29;APACHE;NA;BENIGNA
B0_499;29;GSE;12606822;BENIGNA
B0_626;29;TENGINE;NA;BENIGNA
B0_642;29;APACHE;16708001;BENIGNA
B0_726;29;APACHE;19160540;BENIGNA
B0_887;29;APACHE;NA;BENIGNA
B0_894;29;APACHE;NA;BENIGNA
B0_920;29;MICROSOFT-HTTPAPI;NA;BENIGNA
B0_942;29;NGINX;NA;BENIGNA
B0_978;29;NONE;NA;BENIGNA
M0_112;30;APACHE;NA;MALIGNA
B0_1052;30;APACHE;NA;BENIGNA
B0_1388;30;APACHE;NA;BENIGNA
B0_160;30;NGINX;3949953;BENIGNA
B0_169;30;NONE;4269715;BENIGNA
B0_209;30;APACHE;NA;BENIGNA
B0_2097;30;SUN-ONE-WEB-SERVER;NA;BENIGNA
B0_2206;30;APACHE;NA;BENIGNA
B0_2282;30;APACHE;NA;BENIGNA
B0_330;30;NGINX;8227783;BENIGNA
B0_348;30;MICROSOFT-HTTPAPI;8852912;BENIGNA
B0_369;30;APACHE;NA;BENIGNA
B0_560;30;NONE;NA;BENIGNA
B0_639;30;NONE;16632855;BENIGNA
B0_711;30;AMAZONS3;NA;BENIGNA
B0_73;30;APACHE;2751849;BENIGNA
B0_824;30;CLOUDFLARE-NGINX;NA;BENIGNA
B0_891;30;NONE;NA;BENIGNA
B0_931;30;APACHE;NA;BENIGNA
M0_73;31;MICROSOFT-IIS;NA;MALIGNA
B0_1028;31;ATS;NA;BENIGNA
B0_1114;31;APACHE;NA;BENIGNA
B0_1127;31;APACHE;NA;BENIGNA
B0_1241;31;APACHE;NA;BENIGNA
B0_140;31;NONE;3485685;BENIGNA
B0_2158;31;APACHE;NA;BENIGNA
B0_2278;31;CHERRYPY;NA;BENIGNA
B0_263;31;APACHE;6651392;BENIGNA
B0_501;31;NGINX;12668187;BENIGNA
B0_504;31;APACHE;12688010;BENIGNA
B0_597;31;MICROSOFT-IIS;NA;BENIGNA
B0_65;31;MICROSOFT-HTTPAPI;NA;BENIGNA
B0_658;31;APACHE;NA;BENIGNA
B0_698;31;MICROSOFT-HTTPAPI;18468649;BENIGNA
B0_705;31;APACHE;NA;BENIGNA
B0_761;31;NONE;20017767;BENIGNA
B0_850;31;APACHE;NA;BENIGNA
B0_945;31;APACHE;NA;BENIGNA
B0_992;31;APACHE;NA;BENIGNA
M0_136;32;NGINX;774472;MALIGNA
M0_140;32;NGINX;820462;MALIGNA
B0_1175;32;SERVER;NA;BENIGNA
B0_1181;32;NONE;NA;BENIGNA
B0_1222;32;SERVER;NA;BENIGNA
B0_128;32;KHL;3258932;BENIGNA
B0_1341;32;APACHE;NA;BENIGNA
B0_1372;32;APACHE;NA;BENIGNA
B0_1381;32;NGINX;NA;BENIGNA
B0_14;32;NGINX;NA;BENIGNA
B0_165;32;NONE;4230313;BENIGNA
B0_176;32;APACHE;NA;BENIGNA
B0_2015;32;NONE;NA;BENIGNA
B0_2095;32;MICROSOFT-IIS;NA;BENIGNA
B0_218;32;APACHE;5644438;BENIGNA
B0_2229;32;MICROSOFT-HTTPAPI;NA;BENIGNA
B0_2271;32;APACHE;NA;BENIGNA
B0_254;32;APACHE;6427162;BENIGNA
B0_303;32;APACHE;7718494;BENIGNA
B0_40;32;APACHE;1608322;BENIGNA
B0_400;32;SERVER;NA;BENIGNA
B0_437;32;SERVER;NA;BENIGNA
B0_491;32;NONE;12351260;BENIGNA
B0_507;32;GSE;12723000;BENIGNA
B0_582;32;NGINX;15046267;BENIGNA
B0_937;32;NONE;NA;BENIGNA
M0_122;33;NGINX;551291;MALIGNA
M0_125;33;NGINX;597978;MALIGNA
M0_138;33;NGINX;804978;MALIGNA
M0_142;33;NGINX;NA;MALIGNA
M0_59;33;NGINX;273889;MALIGNA
M0_96;33;NGINX;472983;MALIGNA
B0_1068;33;CLOUDFLARE-NGINX;NA;BENIGNA
B0_1101;33;SERVER;NA;BENIGNA
B0_1141;33;SERVER;NA;BENIGNA
B0_1190;33;NONE;NA;BENIGNA
B0_1239;33;APACHE;NA;BENIGNA
B0_1288;33;APACHE;NA;BENIGNA
B0_1350;33;NGINX;NA;BENIGNA
B0_1390;33;NONE;NA;BENIGNA
B0_1419;33;APACHE;NA;BENIGNA
B0_163;33;SERVER;NA;BENIGNA
B0_2100;33;APACHE;NA;BENIGNA
B0_2126;33;APACHE;NA;BENIGNA
B0_215;33;MW2114.CODFW.WMNET;5637810;BENIGNA
B0_2155;33;GSE;NA;BENIGNA
B0_2205;33;APACHE;NA;BENIGNA
B0_2219;33;APACHE;NA;BENIGNA
B0_2289;33;SERVER;NA;BENIGNA
B0_312;33;MICROSOFT-IIS;7911862;BENIGNA
B0_570;33;APACHE;14772649;BENIGNA
B0_652;33;JETTY(9.0.Z-SNAPSHOT);NA;BENIGNA
B0_783;33;APACHE;NA;BENIGNA
M0_130;34;NGINX;687127;MALIGNA
M0_159;34;NGINX;1072136;MALIGNA
M0_166;34;CLOUDFLARE-NGINX;1120681;MALIGNA
M0_180;34;APACHE;1158306;MALIGNA
B0_1036;34;NGINX;NA;BENIGNA
B0_1054;34;MICROSOFT-HTTPAPI;NA;BENIGNA
B0_1087;34;NONE;NA;BENIGNA
B0_110;34;NONE;3152769;BENIGNA
B0_1207;34;NGINX;NA;BENIGNA
B0_1337;34;NONE;NA;BENIGNA
B0_1342;34;APACHE;NA;BENIGNA
B0_1382;34;NGINX;NA;BENIGNA
B0_2098;34;APACHE;NA;BENIGNA
B0_2104;34;NGINX;NA;BENIGNA
B0_2124;34;NONE;NA;BENIGNA
B0_2125;34;CLOUDFLARE-NGINX;NA;BENIGNA
B0_2142;34;APACHE;NA;BENIGNA
B0_2221;34;APACHE;NA;BENIGNA
B0_2320;34;HTTPDAEMON;NA;BENIGNA
B0_322;34;APACHE;8004495;BENIGNA
B0_460;34;GSE;12072507;BENIGNA
B0_493;34;NONE;NA;BENIGNA
B0_586;34;APACHE;15116517;BENIGNA
B0_688;34;APACHE;NA;BENIGNA
B0_746;34;NGINX;19456240;BENIGNA
B0_760;34;NGINX;19867214;BENIGNA
B0_864;34;MEDIAFIRE;NA;BENIGNA
B0_897;34;APACHE;NA;BENIGNA
B0_961;34;MICROSOFT-IIS;NA;BENIGNA
M0_107;35;APACHE;489087;MALIGNA
M0_108;35;APACHE;489598;MALIGNA
M0_110;35;APACHE;490801;MALIGNA
M0_123;35;NGINX;566538;MALIGNA
M0_124;35;NGINX;582752;MALIGNA
M0_127;35;NGINX;625035;MALIGNA
M0_135;35;NGINX;759305;MALIGNA
M0_137;35;NGINX;789627;MALIGNA
M0_148;35;NGINX;917466;MALIGNA
M0_152;35;NGINX;964185;MALIGNA
M0_165;35;CLOUDFLARE-NGINX;1118192;MALIGNA
B0_1029;35;DOSARREST;NA;BENIGNA
B0_1148;35;MW2232.CODFW.WMNET;NA;BENIGNA
B0_1299;35;NGINX;NA;BENIGNA
B0_144;35;MICROSOFT-IIS;NA;BENIGNA
B0_183;35;SERVER;NA;BENIGNA
B0_194;35;MICROSOFT-HTTPAPI;NA;BENIGNA
B0_2026;35;NGINX;NA;BENIGNA
B0_2067;35;NGINX;NA;BENIGNA
B0_2087;35;APACHE;NA;BENIGNA
B0_2144;35;ATS;NA;BENIGNA
B0_2156;35;SUCURI;NA;BENIGNA
B0_2270;35;APACHE;NA;BENIGNA
B0_2295;35;SERVER;NA;BENIGNA
B0_2319;35;APACHE;NA;BENIGNA
B0_308;35;MICROSOFT-HTTPAPI;7880147;BENIGNA
B0_337;35;GSE;8375690;BENIGNA
B0_385;35;SERVER;NA;BENIGNA
B0_461;35;CLOUDFLARE-NGINX;NA;BENIGNA
B0_573;35;NONE;14777299;BENIGNA
B0_717;35;GSE;18926374;BENIGNA
B0_739;35;APACHE;19389293;BENIGNA
B0_807;35;APACHE;NA;BENIGNA
B0_82;35;SERVER;NA;BENIGNA
B0_9;35;APACHE;727022;BENIGNA
B0_965;35;NONE;NA;BENIGNA
B0_971;35;APACHE;NA;BENIGNA
M0_121;36;NGINX;NA;MALIGNA
M0_129;36;NGINX;NA;MALIGNA
M0_131;36;NGINX;702417;MALIGNA
M0_133;36;NGINX;717756;MALIGNA
M0_134;36;NGINX;743636;MALIGNA
M0_157;36;NGINX;1041657;MALIGNA
M0_169;36;CLOUDFLARE-NGINX;NA;MALIGNA
B0_1042;36;NGINX;NA;BENIGNA
B0_1049;36;MICROSOFT-HTTPAPI;NA;BENIGNA
B0_1277;36;NGINX;NA;BENIGNA
B0_1306;36;NGINX;NA;BENIGNA
B0_1359;36;MICROSOFT-HTTPAPI;NA;BENIGNA
B0_1363;36;NONE;NA;BENIGNA
B0_197;36;NGINX;5226360;BENIGNA
B0_200;36;APACHE;5247785;BENIGNA
B0_2101;36;NGINX;NA;BENIGNA
B0_2250;36;NGINX;NA;BENIGNA
B0_2260;36;MW2260.CODFW.WMNET;NA;BENIGNA
B0_2290;36;APACHE;NA;BENIGNA
B0_290;36;CLOUDFLARE-NGINX;NA;BENIGNA
B0_305;36;APACHE;7727354;BENIGNA
B0_366;36;MW2239.CODFW.WMNET;9236503;BENIGNA
B0_444;36;MICROSOFT-HTTPAPI;11559411;BENIGNA
B0_445;36;DPS;11710126;BENIGNA
B0_474;36;APACHE;12246368;BENIGNA
B0_487;36;CLOUDFLARE-NGINX;NA;BENIGNA
B0_60;36;APACHE;2392174;BENIGNA
B0_69;36;APACHE;2573099;BENIGNA
B0_701;36;APACHE;18623912;BENIGNA
B0_809;36;APACHE;NA;BENIGNA
B0_952;36;APACHE;NA;BENIGNA
B0_990;36;GSE;NA;BENIGNA
M0_101;37;APACHE;485921;MALIGNA
M0_115;37;APACHE;NA;MALIGNA
M0_16;37;NGINX;NA;MALIGNA
M0_176;37;APACHE;1142408;MALIGNA
M0_179;37;NGINX;1154896;MALIGNA
M0_60;37;APACHE;425317;MALIGNA
B0_1008;37;APACHE;NA;BENIGNA
B0_1167;37;APACHE;NA;BENIGNA
B0_1196;37;APACHE;NA;BENIGNA
B0_1204;37;APACHE;NA;BENIGNA
B0_1219;37;APACHE;NA;BENIGNA
B0_1316;37;MICROSOFT-HTTPAPI;NA;BENIGNA
B0_1398;37;NGINX;NA;BENIGNA
B0_1402;37;CLOUDFLARE-NGINX;NA;BENIGNA
B0_2056;37;APACHE;NA;BENIGNA
B0_2093;37;NGINX;NA;BENIGNA
B0_2116;37;ATS;NA;BENIGNA
B0_2143;37;NONE;NA;BENIGNA
B0_2230;37;APACHE;NA;BENIGNA
B0_2277;37;APACHE;NA;BENIGNA
B0_361;37;OPENRESTY;NA;BENIGNA
B0_386;37;APACHE;9623688;BENIGNA
B0_450;37;NONE;NA;BENIGNA
B0_457;37;NGINX;12045897;BENIGNA
B0_476;37;NGINX;12259803;BENIGNA
B0_59;37;NGINX;2391727;BENIGNA
B0_593;37;NONE;15234022;BENIGNA
B0_646;37;NGINX;16804797;BENIGNA
B0_677;37;ATS;17606950;BENIGNA
B0_777;37;APACHE;NA;BENIGNA
B0_946;37;NONE;NA;BENIGNA
B0_947;37;GSE;NA;BENIGNA
M0_120;38;APACHE;NA;MALIGNA
M0_151;38;NGINX;949127;MALIGNA
M0_42;38;APACHE;4294951689;MALIGNA
M0_43;38;APACHE;4294953475;MALIGNA
M0_90;38;NGINX;470003;MALIGNA
B0_1019;38;APACHE;NA;BENIGNA
B0_1030;38;NONE;NA;BENIGNA
B0_109;38;APACHE;3152328;BENIGNA
B0_1100;38;CLOUDFLARE-NGINX;NA;BENIGNA
B0_1224;38;NGINX;NA;BENIGNA
B0_127;38;APACHE;3249348;BENIGNA
B0_1289;38;APACHE;NA;BENIGNA
B0_1329;38;APACHE;NA;BENIGNA
B0_1349;38;NONE;NA;BENIGNA
B0_1365;38;NGINX;NA;BENIGNA
B0_1387;38;APACHE;NA;BENIGNA
B0_1403;38;MICROSOFT-HTTPAPI;NA;BENIGNA
B0_1404;38;GSE;NA;BENIGNA
B0_184;38;NONE;4742971;BENIGNA
B0_2011;38;NONE;NA;BENIGNA
B0_2118;38;APACHE;NA;BENIGNA
B0_2138;38;APACHE;NA;BENIGNA
B0_2213;38;MICROSOFT-HTTPAPI;NA;BENIGNA
B0_2274;38;SERVER;NA;BENIGNA
B0_246;38;NONE;6234715;BENIGNA
B0_295;38;ATS;7493202;BENIGNA
B0_34;38;NONE;1282209;BENIGNA
B0_360;38;MICROSOFT-HTTPAPI;9206535;BENIGNA
B0_37;38;MICROSOFT-HTTPAPI;1439915;BENIGNA
B0_41;38;APACHE;1609463;BENIGNA
B0_428;38;SSWS;10717927;BENIGNA
B0_441;38;APACHE;NA;BENIGNA
B0_464;38;MICROSOFT-IIS;NA;BENIGNA
B0_496;38;APACHE;12522757;BENIGNA
B0_536;38;APACHE;13730568;BENIGNA
B0_624;38;APACHE;16035867;BENIGNA
B0_721;38;GSE;19086076;BENIGNA
B0_737;38;NONE;19351530;BENIGNA
B0_813;38;CLOUDFLARE-NGINX;NA;BENIGNA
B0_90;38;GSE;2923007;BENIGNA
B0_914;38;APACHE;NA;BENIGNA
B0_918;38;GSE;NA;BENIGNA
B0_927;38;CLOUDFLARE-NGINX;NA;BENIGNA
M0_141;39;NGINX;NA;MALIGNA
M0_144;39;NGINX;846877;MALIGNA
M0_145;39;NGINX;872081;MALIGNA
M0_150;39;NGINX;934134;MALIGNA
M0_44;39;APACHE;4294955245;MALIGNA
M0_91;39;NGINX;470466;MALIGNA
B0_1009;39;YOUTUBEFRONTEND;NA;BENIGNA
B0_1050;39;APACHE;NA;BENIGNA
B0_1061;39;YOUTUBEFRONTEND;NA;BENIGNA
B0_1065;39;YOUTUBEFRONTEND;NA;BENIGNA
B0_1079;39;YOUTUBEFRONTEND;NA;BENIGNA
B0_1084;39;NGINX;NA;BENIGNA
B0_1099;39;YOUTUBEFRONTEND;NA;BENIGNA
B0_1108;39;YOUTUBEFRONTEND;NA;BENIGNA
B0_1161;39;APACHE;NA;BENIGNA
B0_1174;39;NGINX;NA;BENIGNA
B0_1176;39;NGINX;NA;BENIGNA
B0_1178;39;HTTPDAEMON;NA;BENIGNA
B0_1198;39;GSE;NA;BENIGNA
B0_1210;39;APACHE;NA;BENIGNA
B0_1234;39;YOUTUBEFRONTEND;NA;BENIGNA
B0_125;39;NONE;NA;BENIGNA
B0_1252;39;YOUTUBEFRONTEND;NA;BENIGNA
B0_1279;39;APACHE;NA;BENIGNA
B0_1285;39;NGINX;NA;BENIGNA
B0_1300;39;GSE;NA;BENIGNA
B0_1338;39;YOUTUBEFRONTEND;NA;BENIGNA
B0_1344;39;APACHE;NA;BENIGNA
B0_138;39;YOUTUBEFRONTEND;3413435;BENIGNA
B0_1380;39;YOUTUBEFRONTEND;NA;BENIGNA
B0_1384;39;YOUTUBEFRONTEND;NA;BENIGNA
B0_155;39;NGINX;3888704;BENIGNA
B0_19;39;YOUTUBEFRONTEND;783006;BENIGNA
B0_195;39;YOUTUBEFRONTEND;5206231;BENIGNA
B0_2004;39;YOUTUBEFRONTEND;NA;BENIGNA
B0_2052;39;YOUTUBEFRONTEND;NA;BENIGNA
B0_2079;39;YOUTUBEFRONTEND;4079534;BENIGNA
B0_2103;39;YOUTUBEFRONTEND;NA;BENIGNA
B0_2121;39;YOUTUBEFRONTEND;NA;BENIGNA
B0_2136;39;APACHE;NA;BENIGNA
B0_2160;39;YOUTUBEFRONTEND;NA;BENIGNA
B0_2179;39;YOUTUBEFRONTEND;NA;BENIGNA
B0_2193;39;ATS;NA;BENIGNA
B0_2202;39;YOUTUBEFRONTEND;NA;BENIGNA
B0_2241;39;AMAZONS3;NA;BENIGNA
B0_2244;39;NGINX;NA;BENIGNA
B0_2269;39;APACHE;NA;BENIGNA
B0_2284;39;CLOUDFLARE-NGINX;NA;BENIGNA
B0_2285;39;CLOUDFLARE-NGINX;NA;BENIGNA
B0_2291;39;APACHE;NA;BENIGNA
B0_2297;39;YOUTUBEFRONTEND;NA;BENIGNA
B0_233;39;YOUTUBEFRONTEND;6014723;BENIGNA
B0_253;39;APACHE;6426229;BENIGNA
B0_273;39;YOUTUBEFRONTEND;6923894;BENIGNA
B0_345;39;CLOUDFLARE-NGINX;NA;BENIGNA
B0_356;39;YOUTUBEFRONTEND;9050047;BENIGNA
B0_389;39;APACHE;9631596;BENIGNA
B0_392;39;NGINX;9652509;BENIGNA
B0_393;39;YOUTUBEFRONTEND;9802837;BENIGNA
B0_471;39;NONE;12242527;BENIGNA
B0_480;39;NGINX;12279344;BENIGNA
B0_50;39;MICROSOFT-HTTPAPI;1736864;BENIGNA
B0_523;39;NGINX;12920938;BENIGNA
B0_606;39;CLOUDFLARE-NGINX;15582979;BENIGNA
B0_61;39;YOUTUBEFRONTEND;2392537;BENIGNA
B0_631;39;YOUTUBEFRONTEND;16278641;BENIGNA
B0_632;39;APACHE;NA;BENIGNA
B0_644;39;YOUTUBEFRONTEND;16771638;BENIGNA
B0_666;39;YOUTUBEFRONTEND;17380298;BENIGNA
B0_710;39;NGINX;18872077;BENIGNA
B0_742;39;YOUTUBEFRONTEND;19393915;BENIGNA
B0_795;39;YOUTUBEFRONTEND;NA;BENIGNA
B0_820;39;YOUTUBEFRONTEND;NA;BENIGNA
B0_830;39;YOUTUBEFRONTEND;NA;BENIGNA
B0_839;39;SQUEEGIT;NA;BENIGNA
B0_841;39;YOUTUBEFRONTEND;NA;BENIGNA
B0_85;39;YOUTUBEFRONTEND;2864160;BENIGNA
B0_854;39;YOUTUBEFRONTEND;NA;BENIGNA
B0_865;39;APACHE;NA;BENIGNA
B0_870;39;APACHE;NA;BENIGNA
B0_876;39;VIRTUOSO;NA;BENIGNA
B0_900;39;YOUTUBEFRONTEND;NA;BENIGNA
B0_902;39;YOUTUBEFRONTEND;NA;BENIGNA
B0_915;39;NGINX;NA;BENIGNA
B0_948;39;YOUTUBEFRONTEND;NA;BENIGNA
B0_988;39;YOUTUBEFRONTEND;NA;BENIGNA
M0_126;40;NGINX;625035;MALIGNA
M0_139;40;NGINX;820462;MALIGNA
M0_143;40;NGINX;846877;MALIGNA
M0_158;40;NGINX;1056821;MALIGNA
M0_160;40;NGINX;1087542;MALIGNA
M0_39;40;APACHE;4294946623;MALIGNA
M0_45;40;APACHE;4294957029;MALIGNA
B0_1011;40;APACHE-COYOTE;NA;BENIGNA
B0_1017;40;MW2239.CODFW.WMNET;NA;BENIGNA
B0_1033;40;GSE;NA;BENIGNA
B0_1075;40;YIPPEE-KI-YAY;NA;BENIGNA
B0_1116;40;APACHE;NA;BENIGNA
B0_1142;40;GSE;NA;BENIGNA
B0_116;40;APACHE;NA;BENIGNA
B0_1195;40;NONE;NA;BENIGNA
B0_1228;40;CLOUDFLARE-NGINX;NA;BENIGNA
B0_1244;40;CLOUDFLARE-NGINX;NA;BENIGNA
B0_1311;40;APACHE;NA;BENIGNA
B0_1383;40;APACHE;NA;BENIGNA
B0_1415;40;NGINX;NA;BENIGNA
B0_2010;40;MW2165.CODFW.WMNET;NA;BENIGNA
B0_2034;40;GSE;NA;BENIGNA
B0_2068;40;MW2192.CODFW.WMNET;NA;BENIGNA
B0_2148;40;MICROSOFT-HTTPAPI;NA;BENIGNA
B0_222;40;APACHE;5674404;BENIGNA
B0_2275;40;APACHE;NA;BENIGNA
B0_2323;40;NONE;NA;BENIGNA
B0_251;40;LITESPEED;6416276;BENIGNA
B0_309;40;NONE;7889707;BENIGNA
B0_349;40;NGINX;8858811;BENIGNA
B0_353;40;ATS;8891403;BENIGNA
B0_376;40;APACHE;9333178;BENIGNA
B0_391;40;MICROSOFT-HTTPAPI;9645793;BENIGNA
B0_409;40;NONE;10074832;BENIGNA
B0_416;40;NGINX;10315239;BENIGNA
B0_442;40;NGINX;11555992;BENIGNA
B0_520;40;MICROSOFT-IIS;12853907;BENIGNA
B0_552;40;APACHE;14045457;BENIGNA
B0_562;40;APACHE;14750745;BENIGNA
B0_590;40;NONE;15180180;BENIGNA
B0_685;40;NGINX;17842376;BENIGNA
B0_697;40;NGINX;NA;BENIGNA
B0_703;40;NONE;NA;BENIGNA
B0_765;40;GSE;20224783;BENIGNA
B0_803;40;CLOUDFLARE-NGINX;NA;BENIGNA
B0_863;40;NGINX + PHUSION PASSENGER;NA;BENIGNA
B0_976;40;GSE;NA;BENIGNA
B0_980;40;ATS;NA;BENIGNA
M0_116;41;NGINX;508580;MALIGNA
M0_156;41;NGINX;1025859;MALIGNA
M0_52;41;APACHE;1263;MALIGNA
M0_57;41;PROXY PANDEIRO UOL;NA;MALIGNA
M0_92;41;NGINX;470878;MALIGNA
B0_107;41;NGINX;3119196;BENIGNA
B0_1283;41;NGINX;NA;BENIGNA
B0_1296;41;APACHE;NA;BENIGNA
B0_1373;41;NGINX;NA;BENIGNA
B0_1378;41;MICROSOFT-HTTPAPI;NA;BENIGNA
B0_1425;41;NGINX;NA;BENIGNA
B0_192;41;MW2231.CODFW.WMNET;NA;BENIGNA
B0_2019;41;MW2165.CODFW.WMNET;NA;BENIGNA
B0_2135;41;APACHE;NA;BENIGNA
B0_2299;41;APACHE;NA;BENIGNA
B0_238;41;OPENRESTY;6038497;BENIGNA
B0_26;41;APACHE;1056098;BENIGNA
B0_275;41;MW2109.CODFW.WMNET;7120933;BENIGNA
B0_30;41;APACHE;1148186;BENIGNA
B0_364;41;MICROSOFT-IIS;NA;BENIGNA
B0_373;41;APACHE;9330623;BENIGNA
B0_390;41;APACHE;9641875;BENIGNA
B0_427;41;APACHE;NA;BENIGNA
B0_434;41;SERVER;NA;BENIGNA
B0_713;41;NGINX;NA;BENIGNA
B0_731;41;NGINX;NA;BENIGNA
B0_758;41;APACHE;19807960;BENIGNA
B0_829;41;APACHE-COYOTE;NA;BENIGNA
B0_855;41;APACHE;NA;BENIGNA
B0_910;41;NGINX;NA;BENIGNA
M0_128;42;NGINX;NA;MALIGNA
M0_154;42;NGINX;994460;MALIGNA
M0_155;42;NGINX;1010229;MALIGNA
M0_40;42;NGINX;4294948178;MALIGNA
M0_47;42;APACHE;4294960477;MALIGNA
M0_48;42;APACHE;4294962115;MALIGNA
M0_50;42;APACHE;4294965376;MALIGNA
M0_53;42;APACHE;2896;MALIGNA
M1_3;42;APACHE;3352086;MALIGNA
B0_104;42;APACHE;3111614;BENIGNA
B0_1131;42;APACHE;NA;BENIGNA
B0_1139;42;NGINX;NA;BENIGNA
B0_1236;42;NGINX;NA;BENIGNA
B0_1257;42;APACHE;NA;BENIGNA
B0_1260;42;APACHE;NA;BENIGNA
B0_1266;42;CLOUDFLARE-NGINX;NA;BENIGNA
B0_1268;42;MW2225.CODFW.WMNET;NA;BENIGNA
B0_1303;42;NGINX;NA;BENIGNA
B0_1351;42;NGINX;NA;BENIGNA
B0_1375;42;NONE;NA;BENIGNA
B0_1422;42;NGINX;NA;BENIGNA
B0_146;42;APACHE;NA;BENIGNA
B0_2112;42;APACHE-COYOTE;NA;BENIGNA
B0_2172;42;APACHE;NA;BENIGNA
B0_2185;42;NGINX;NA;BENIGNA
B0_2218;42;NGINX;NA;BENIGNA
B0_2231;42;NONE;NA;BENIGNA
B0_291;42;APACHE;7335367;BENIGNA
B0_314;42;APACHE;7963891;BENIGNA
B0_328;42;NONE;NA;BENIGNA
B0_33;42;APACHE;NA;BENIGNA
B0_363;42;OPENRESTY;9223551;BENIGNA
B0_510;42;APACHE;NA;BENIGNA
B0_518;42;APACHE;NA;BENIGNA
B0_527;42;GSE;13321243;BENIGNA
B0_575;42;MICROSOFT-HTTPAPI;NA;BENIGNA
B0_603;42;APACHE;15430756;BENIGNA
B0_818;42;NGINX;NA;BENIGNA
B0_840;42;MICROSOFT-HTTPAPI;NA;BENIGNA
B0_92;42;NONE;NA;BENIGNA
B0_939;42;APACHE;NA;BENIGNA
B0_963;42;APACHE;NA;BENIGNA
B0_985;42;APACHE;NA;BENIGNA
M0_132;43;NGINX;717756;MALIGNA
M0_153;43;NGINX;979464;MALIGNA
M0_54;43;APACHE;4489;MALIGNA
M0_64;43;APACHE;429476;MALIGNA
M0_9;43;DOSARREST;NA;MALIGNA
M0_95;43;APACHE;NA;MALIGNA
M4_75;43;NGINX;NA;MALIGNA
B0_1005;43;MICROSOFT-HTTPAPI;NA;BENIGNA
B0_1010;43;NGINX + PHUSION PASSENGER;NA;BENIGNA
B0_1112;43;APACHE;NA;BENIGNA
B0_1177;43;NGINX;NA;BENIGNA
B0_120;43;APACHE;NA;BENIGNA
B0_1335;43;APACHE;NA;BENIGNA
B0_1420;43;NONE;NA;BENIGNA
B0_180;43;NGINX;4521564;BENIGNA
B0_2008;43;APACHE;NA;BENIGNA
B0_2036;43;MW2236.CODFW.WMNET;NA;BENIGNA
B0_206;43;MICROSOFT-HTTPAPI;5408272;BENIGNA
B0_2070;43;NGINX;NA;BENIGNA
B0_2188;43;APACHE;NA;BENIGNA
B0_2194;43;MW2101.CODFW.WMNET;NA;BENIGNA
B0_236;43;APACHE;6037248;BENIGNA
B0_242;43;VARNISH;6060568;BENIGNA
B0_271;43;APACHE;6914399;BENIGNA
B0_324;43;NONE;8126180;BENIGNA
B0_331;43;APACHE;8229057;BENIGNA
B0_354;43;MICROSOFT-IIS;NA;BENIGNA
B0_43;43;CLOUDFLARE-NGINX;NA;BENIGNA
B0_553;43;NGINX;14182739;BENIGNA
B0_612;43;MICROSOFT-HTTPAPI;15793562;BENIGNA
B0_667;43;APACHE;17385359;BENIGNA
B0_759;43;GSE;19850448;BENIGNA
B0_782;43;RESIN;NA;BENIGNA
B0_885;43;MW2164.CODFW.WMNET;NA;BENIGNA
B0_989;43;MICROSOFT-IIS;NA;BENIGNA
M0_49;44;APACHE;4294963675;MALIGNA
B0_1055;44;NGINX;NA;BENIGNA
B0_1097;44;NGINX;NA;BENIGNA
B0_1111;44;APACHE;NA;BENIGNA
B0_1180;44;ATS;NA;BENIGNA
B0_1213;44;MW2242.CODFW.WMNET;NA;BENIGNA
B0_1230;44;NGINX;NA;BENIGNA
B0_1405;44;MICROSOFT-HTTPAPI;NA;BENIGNA
B0_190;44;NGINX;4946272;BENIGNA
B0_2055;44;APACHE;NA;BENIGNA
B0_2090;44;NGINX;NA;BENIGNA
B0_2139;44;NONE;NA;BENIGNA
B0_2140;44;APACHE;NA;BENIGNA
B0_2151;44;MW2175.CODFW.WMNET;NA;BENIGNA
B0_2257;44;APACHE;NA;BENIGNA
B0_226;44;MICROSOFT-IIS;5683455;BENIGNA
B0_235;44;MICROSOFT-HTTPAPI;6033870;BENIGNA
B0_239;44;MW2107.CODFW.WMNET;6038960;BENIGNA
B0_277;44;MW2190.CODFW.WMNET;7127617;BENIGNA
B0_289;44;APACHE;7307390;BENIGNA
B0_311;44;APACHE;7911337;BENIGNA
B0_316;44;APACHE;NA;BENIGNA
B0_408;44;NONE;10074219;BENIGNA
B0_436;44;NGINX + PHUSION PASSENGER;11155006;BENIGNA
B0_49;44;APACHE;1731195;BENIGNA
B0_51;44;SERVER;NA;BENIGNA
B0_550;44;NGINX;14044494;BENIGNA
B0_557;44;NGINX;14506667;BENIGNA
B0_616;44;NGINX;15824875;BENIGNA
B0_617;44;APACHE;NA;BENIGNA
B0_633;44;BARISTA;16285075;BENIGNA
B0_641;44;SERVER;NA;BENIGNA
B0_733;44;NONE;19338474;BENIGNA
B0_832;44;MW2103.CODFW.WMNET;NA;BENIGNA
B0_833;44;MICROSOFT-HTTPAPI;NA;BENIGNA
B0_993;44;MICROSOFT-IIS;NA;BENIGNA
M1_2;45;APACHE;3351302;MALIGNA
B0_10;45;NGINX;727538;BENIGNA
B0_1062;45;NGINX;NA;BENIGNA
B0_1083;45;NONE;NA;BENIGNA
B0_1085;45;SQUEEGIT;NA;BENIGNA
B0_1140;45;MICROSOFT-IIS;NA;BENIGNA
B0_1192;45;APACHE;NA;BENIGNA
B0_1232;45;MICROSOFT-IIS;NA;BENIGNA
B0_1238;45;CLOUDFLARE-NGINX;NA;BENIGNA
B0_1262;45;APACHE;NA;BENIGNA
B0_1272;45;APACHE;NA;BENIGNA
B0_1318;45;MICROSOFT-HTTPAPI;NA;BENIGNA
B0_1343;45;AMAZONS3;NA;BENIGNA
B0_1411;45;MW2192.CODFW.WMNET;NA;BENIGNA
B0_158;45;APACHE;3946237;BENIGNA
B0_2204;45;ECD (FLL;NA;BENIGNA
B0_2259;45;PAGELY GATEWAY;NA;BENIGNA
B0_266;45;NGINX;6664328;BENIGNA
B0_288;45;APACHE;7284344;BENIGNA
B0_315;45;MW2101.CODFW.WMNET;7966779;BENIGNA
B0_317;45;APACHE;7973416;BENIGNA
B0_406;45;APACHE;10073297;BENIGNA
B0_467;45;NONE;12168318;BENIGNA
B0_485;45;MW2097.CODFW.WMNET;12320021;BENIGNA
B0_509;45;MW2239.CODFW.WMNET;12740473;BENIGNA
B0_541;45;ATS;13755163;BENIGNA
B0_585;45;APACHE;NA;BENIGNA
B0_608;45;APACHE;15589954;BENIGNA
B0_683;45;NONE;17835431;BENIGNA
B0_686;45;APACHE;17993342;BENIGNA
B0_691;45;MICROSOFT-HTTPAPI;18143411;BENIGNA
B0_724;45;MW2233.CODFW.WMNET;19149878;BENIGNA
B0_725;45;APACHE;19156160;BENIGNA
B0_730;45;NGINX;19332088;BENIGNA
B0_74;45;FBS;NA;BENIGNA
B0_766;45;NGINX;20225347;BENIGNA
B0_798;45;ATS;NA;BENIGNA
B0_847;45;CLOUDFLARE-NGINX;NA;BENIGNA
B0_871;45;NONE;NA;BENIGNA
B0_895;45;MW2175.CODFW.WMNET;NA;BENIGNA
B0_919;45;NONE;NA;BENIGNA
M0_117;46;NGINX;508580;MALIGNA
M0_82;46;NGINX;445627;MALIGNA
B0_112;46;NONE;3156206;BENIGNA
B0_1143;46;MW2199.CODFW.WMNET;NA;BENIGNA
B0_1201;46;APACHE;NA;BENIGNA
B0_1220;46;NGINX;NA;BENIGNA
B0_1221;46;MICROSOFT-IIS;NA;BENIGNA
B0_123;46;MW2255.CODFW.WMNET;3200111;BENIGNA
B0_124;46;APACHE;3205334;BENIGNA
B0_1270;46;PAGELY GATEWAY;NA;BENIGNA
B0_1314;46;NONE;NA;BENIGNA
B0_1333;46;NGINX;NA;BENIGNA
B0_1397;46;NGINX;NA;BENIGNA
B0_2016;46;APACHE;NA;BENIGNA
B0_2153;46;APACHE;NA;BENIGNA
B0_2222;46;APACHE;NA;BENIGNA
B0_2253;46;NONE;NA;BENIGNA
B0_2302;46;MW2228.CODFW.WMNET;NA;BENIGNA
B0_234;46;ATS;NA;BENIGNA
B0_237;46;APACHE;NA;BENIGNA
B0_270;46;ATS;6763447;BENIGNA
B0_29;46;NGINX;1146557;BENIGNA
B0_292;46;NONE;7336143;BENIGNA
B0_304;46;NGINX;7719004;BENIGNA
B0_306;46;NGINX;7728703;BENIGNA
B0_439;46;NGINX;11227637;BENIGNA
B0_477;46;NONE;12260369;BENIGNA
B0_506;46;OPENRESTY;12699765;BENIGNA
B0_525;46;NGINX;13073486;BENIGNA
B0_542;46;APACHE;13905932;BENIGNA
B0_55;46;NGINX;2035603;BENIGNA
B0_555;46;APACHE;14347950;BENIGNA
B0_565;46;NGINX;NA;BENIGNA
B0_602;46;CLOUDFLARE-NGINX;NA;BENIGNA
B0_64;46;MICROSOFT-IIS;2547716;BENIGNA
B0_687;46;APACHE;18037089;BENIGNA
B0_689;46;CLOUDFLARE-NGINX;NA;BENIGNA
B0_727;46;APACHE;19168466;BENIGNA
B0_736;46;GSE;19340237;BENIGNA
B0_747;46;APACHE;19456646;BENIGNA
B0_753;46;MW2165.CODFW.WMNET;19641445;BENIGNA
B0_822;46;NGINX;NA;BENIGNA
B0_873;46;NONE;NA;BENIGNA
B0_889;46;NONE;NA;BENIGNA
M0_86;47;APACHE;465038;MALIGNA
B0_1037;47;CLOUDFLARE-NGINX;NA;BENIGNA
B0_1122;47;NGINX;NA;BENIGNA
B0_1216;47;NONE;NA;BENIGNA
B0_1245;47;NGINX;NA;BENIGNA
B0_1286;47;MICROSOFT-HTTPAPI;NA;BENIGNA
B0_1294;47;APACHE;NA;BENIGNA
B0_1295;47;SERVER;NA;BENIGNA
B0_1305;47;MICROSOFT-HTTPAPI;NA;BENIGNA
B0_1310;47;CLOUDFLARE-NGINX;NA;BENIGNA
B0_1340;47;APACHE;NA;BENIGNA
B0_1410;47;NONE;NA;BENIGNA
B0_153;47;NONE;3887090;BENIGNA
B0_20;47;CLOUDFLARE-NGINX;791220;BENIGNA
B0_2005;47;APACHE;NA;BENIGNA
B0_2037;47;NGINX;NA;BENIGNA
B0_2111;47;LITESPEED;NA;BENIGNA
B0_2177;47;GUNICORN;NA;BENIGNA
B0_220;47;MW2228.CODFW.WMNET;NA;BENIGNA
B0_2239;47;APACHE;NA;BENIGNA
B0_2296;47;SERVER;NA;BENIGNA
B0_231;47;NGINX;6010839;BENIGNA
B0_252;47;APACHE;6417291;BENIGNA
B0_268;47;NGINX;6723999;BENIGNA
B0_280;47;APACHE;7155794;BENIGNA
B0_287;47;APACHE;7283758;BENIGNA
B0_298;47;APACHE;7559104;BENIGNA
B0_32;47;APACHE;NA;BENIGNA
B0_381;47;ATS;NA;BENIGNA
B0_39;47;APACHE;1456862;BENIGNA
B0_446;47;APACHE-COYOTE;11717546;BENIGNA
B0_45;47;MW2241.CODFW.WMNET;1699786;BENIGNA
B0_498;47;NONE;12603686;BENIGNA
B0_500;47;APACHE;12611199;BENIGNA
B0_528;47;APACHE;13325945;BENIGNA
B0_581;47;NGINX;15045797;BENIGNA
B0_650;47;NONE;17001861;BENIGNA
B0_913;47;APACHE;NA;BENIGNA
B0_926;47;NONE;NA;BENIGNA
B0_949;47;NGINX;NA;BENIGNA
B0_998;47;NONE;NA;BENIGNA
M0_114;48;LIGHTTPD;NA;MALIGNA
M0_146;48;NGINX;887228;MALIGNA
M0_46;48;APACHE;4294958837;MALIGNA
M0_51;48;APACHE;4294966953;MALIGNA
M0_99;48;APACHE;484931;MALIGNA
B0_1046;48;MICROSOFT-HTTPAPI;NA;BENIGNA
B0_1063;48;APACHE;NA;BENIGNA
B0_1089;48;NGINX;NA;BENIGNA
B0_1109;48;CLOUDFLARE-NGINX;NA;BENIGNA
B0_1118;48;MW2230.CODFW.WMNET;NA;BENIGNA
B0_1151;48;APACHE;NA;BENIGNA
B0_1170;48;MICROSOFT-HTTPAPI;NA;BENIGNA
B0_1259;48;APACHE;NA;BENIGNA
B0_131;48;NONE;3398818;BENIGNA
B0_1323;48;APACHE;NA;BENIGNA
B0_1392;48;APACHE;NA;BENIGNA
B0_1424;48;MICROSOFT-HTTPAPI;NA;BENIGNA
B0_2020;48;AKAMAIGHOST;NA;BENIGNA
B0_203;48;APACHE;5256508;BENIGNA
B0_2069;48;MICROSOFT-HTTPAPI;NA;BENIGNA
B0_2082;48;MW2240.CODFW.WMNET;NA;BENIGNA
B0_223;48;MICROSOFT-IIS;5680106;BENIGNA
B0_2247;48;APACHE;NA;BENIGNA
B0_2258;48;NGINX;NA;BENIGNA
B0_281;48;NONE;7240953;BENIGNA
B0_307;48;NONE;7879355;BENIGNA
B0_567;48;GSE;14769880;BENIGNA
B0_576;48;CLOUDFLARE-NGINX;NA;BENIGNA
B0_67;48;APACHE;2571727;BENIGNA
B0_694;48;APACHE;NA;BENIGNA
B0_71;48;APACHE;2573752;BENIGNA
B0_800;48;NGINX;NA;BENIGNA
B0_836;48;MICROSOFT-HTTPAPI;NA;BENIGNA
B0_874;48;CLOUDFLARE-NGINX;NA;BENIGNA
M0_149;49;PWS;932899;MALIGNA
M0_164;49;NGINX;1114159;MALIGNA
M0_55;49;NXFPS;NA;MALIGNA
M0_81;49;NGINX;441502;MALIGNA
M0_98;49;APACHE;484410;MALIGNA
B0_1066;49;CLOUDFLARE-NGINX;NA;BENIGNA
B0_1090;49;APACHE;NA;BENIGNA
B0_1123;49;MICROSOFT-HTTPAPI;NA;BENIGNA
B0_1217;49;APACHE;NA;BENIGNA
B0_1243;49;NONE;NA;BENIGNA
B0_137;49;APACHE;3405550;BENIGNA
B0_1416;49;NONE;NA;BENIGNA
B0_16;49;LITESPEED;779055;BENIGNA
B0_2009;49;APACHE;NA;BENIGNA
B0_2029;49;NGINX;NA;BENIGNA
B0_2043;49;APACHE;NA;BENIGNA
B0_2054;49;APACHE;NA;BENIGNA
B0_2078;49;APACHE-COYOTE;4075081;BENIGNA
B0_2107;49;APACHE;NA;BENIGNA
B0_2110;49;NGINX;NA;BENIGNA
B0_2113;49;APACHE;NA;BENIGNA
B0_2262;49;ATS;NA;BENIGNA
B0_2265;49;CLOUDFLARE-NGINX;NA;BENIGNA
B0_2280;49;PLAY;NA;BENIGNA
B0_2317;49;APACHE;NA;BENIGNA
B0_333;49;MW2185.CODFW.WMNET;8244799;BENIGNA
B0_341;49;NGINX;NA;BENIGNA
B0_365;49;APACHE;9227189;BENIGNA
B0_524;49;ATS;12922596;BENIGNA
B0_609;49;APACHE;NA;BENIGNA
B0_637;49;APACHE;16479034;BENIGNA
B0_648;49;SERVER;NA;BENIGNA
B0_663;49;NGINX;17217851;BENIGNA
B0_729;49;APACHE;NA;BENIGNA
B0_838;49;APACHE;NA;BENIGNA
B0_896;49;NGINX;NA;BENIGNA
B0_923;49;NONE;NA;BENIGNA
B0_95;49;APACHE;2934138;BENIGNA
B0_974;49;APACHE;NA;BENIGNA
M0_105;50;APACHE;488012;MALIGNA
M0_147;50;NGINX;902376;MALIGNA
M0_88;50;NGINX;468869;MALIGNA
B0_1026;50;NONE;NA;BENIGNA
B0_1088;50;APACHE;NA;BENIGNA
B0_1370;50;APACHE;NA;BENIGNA
B0_1423;50;APACHE;NA;BENIGNA
B0_199;50;ATS;NA;BENIGNA
B0_2132;50;SERVER;NA;BENIGNA
B0_2180;50;MICROSOFT-IIS;NA;BENIGNA
B0_371;50;NGINX;9305610;BENIGNA
B0_379;50;APACHE;9514827;BENIGNA
B0_402;50;NONE;9891993;BENIGNA
B0_410;50;NGINX;10076109;BENIGNA
B0_419;50;MICROSOFT-HTTPAPI;10511309;BENIGNA
B0_429;50;APACHE;10722791;BENIGNA
B0_443;50;APACHE;NA;BENIGNA
B0_492;50;MW2255.CODFW.WMNET;NA;BENIGNA
B0_521;50;NONE;12900934;BENIGNA
B0_537;50;NGINX;NA;BENIGNA
B0_564;50;NONE;14761053;BENIGNA
B0_610;50;MICROSOFT-IIS;15776261;BENIGNA
B0_682;50;APACHE;17834734;BENIGNA
B0_708;50;NONE;18856099;BENIGNA
B0_789;50;MICROSOFT-IIS;NA;BENIGNA
B0_797;50;MICROSOFT-IIS;NA;BENIGNA
B0_843;50;NGINX;NA;BENIGNA
B0_861;50;NGINX;NA;BENIGNA
B0_898;50;APACHE;NA;BENIGNA
B0_907;50;MICROSOFT-HTTPAPI;NA;BENIGNA
B0_975;50;MICROSOFT-HTTPAPI;NA;BENIGNA
M0_100;51;APACHE;485425;MALIGNA
M0_119;51;CLOUDFLARE-NGINX;NA;MALIGNA
B0_1027;51;DOSARREST;NA;BENIGNA
B0_1160;51;MICROSOFT-IIS;NA;BENIGNA
B0_1186;51;APACHE;NA;BENIGNA
B0_1346;51;APACHE;NA;BENIGNA
B0_1362;51;NGINX;NA;BENIGNA
B0_1391;51;NONE;NA;BENIGNA
B0_150;51;APACHE;3722471;BENIGNA
B0_2046;51;SCRATCH WEB SERVER;NA;BENIGNA
B0_2147;51;APACHE;NA;BENIGNA
B0_2186;51;NONE;NA;BENIGNA
B0_2212;51;NONE;NA;BENIGNA
B0_2227;51;NGINX;NA;BENIGNA
B0_2279;51;MICROSOFT-HTTPAPI;NA;BENIGNA
B0_267;51;MICROSOFT-HTTPAPI;6723588;BENIGNA
B0_347;51;CLOUDFLARE-NGINX;NA;BENIGNA
B0_377;51;NGINX;NA;BENIGNA
B0_435;51;NGINX;11001508;BENIGNA
B0_479;51;NONE;12277845;BENIGNA
B0_780;51;NONE;NA;BENIGNA
B0_787;51;APACHE;NA;BENIGNA
B0_814;51;NONE;NA;BENIGNA
B0_837;51;APACHE;NA;BENIGNA
B0_938;51;APACHE;NA;BENIGNA
M0_104;52;APACHE;487525;MALIGNA
M0_161;52;MARRAKESH 1.12.2;1102744;MALIGNA
M0_58;52;APACHE;273889;MALIGNA
B0_1007;52;NONE;NA;BENIGNA
B0_1022;52;NGINX;NA;BENIGNA
B0_1076;52;NGINX;NA;BENIGNA
B0_1080;52;APACHE;NA;BENIGNA
B0_1115;52;NGINX;NA;BENIGNA
B0_1166;52;MW2182.CODFW.WMNET;NA;BENIGNA
B0_1191;52;LITESPEED;NA;BENIGNA
B0_1293;52;APACHE;NA;BENIGNA
B0_1304;52;SQUID;NA;BENIGNA
B0_1307;52;NONE;NA;BENIGNA
B0_181;52;APACHE;4672893;BENIGNA
B0_2014;52;APACHE;NA;BENIGNA
B0_2032;52;MICROSOFT-IIS;NA;BENIGNA
B0_2109;52;APACHE-COYOTE;NA;BENIGNA
B0_211;52;NGINX;5457369;BENIGNA
B0_2198;52;APACHE;NA;BENIGNA
B0_2232;52;NONE;NA;BENIGNA
B0_2316;52;CLOUDFLARE-NGINX;NA;BENIGNA
B0_261;52;APACHE;6650229;BENIGNA
B0_319;52;CLOUDFLARE-NGINX;NA;BENIGNA
B0_325;52;APACHE;8127079;BENIGNA
B0_401;52;SERVER;NA;BENIGNA
B0_420;52;NGINX;NA;BENIGNA
B0_634;52;NGINX;16319979;BENIGNA
B0_670;52;MICROSOFT-IIS;17566370;BENIGNA
B0_696;52;NGINX (OPENBSD);18457593;BENIGNA
B0_741;52;NONE;19392975;BENIGNA
B0_880;52;APACHE;NA;BENIGNA
B0_89;52;ZOPE;2901435;BENIGNA
B0_908;52;NGINX;NA;BENIGNA
B0_909;52;NGINX;NA;BENIGNA
B0_954;52;ATS;NA;BENIGNA
B0_956;52;GSE;NA;BENIGNA
M0_80;53;NGINX;440904;MALIGNA
B0_1012;53;NONE;NA;BENIGNA
B0_1091;53;NGINX;NA;BENIGNA
B0_1247;53;NONE;NA;BENIGNA
B0_1264;53;NGINX;NA;BENIGNA
B0_1325;53;NONE;NA;BENIGNA
B0_1336;53;NGINX;NA;BENIGNA
B0_2048;53;APACHE;NA;BENIGNA
B0_2119;53;APACHE;NA;BENIGNA
B0_2131;53;NGINX;NA;BENIGNA
B0_2268;53;APACHE;NA;BENIGNA
B0_294;53;ATS;NA;BENIGNA
B0_472;53;APACHE;12245698;BENIGNA
B0_556;53;APACHE;14355768;BENIGNA
B0_827;53;MICROSOFT-HTTPAPI;NA;BENIGNA
B0_862;53;MICROSOFT-HTTPAPI;NA;BENIGNA
B0_91;53;CLOUDFLARE-NGINX;NA;BENIGNA
B0_951;53;NONE;NA;BENIGNA
B0_977;53;NGINX;NA;BENIGNA
M0_41;54;APACHE;NA;MALIGNA
M0_87;54;APACHE;467454;MALIGNA
B0_1002;54;MICROSOFT-IIS;NA;BENIGNA
B0_1059;54;CLOUDFLARE-NGINX;NA;BENIGNA
B0_1129;54;APACHE;NA;BENIGNA
B0_1149;54;APACHE;NA;BENIGNA
B0_1188;54;MICROSOFT-HTTPAPI;NA;BENIGNA
B0_1200;54;APACHE;NA;BENIGNA
B0_1301;54;MICROSOFT-IIS;NA;BENIGNA
B0_1315;54;ATS;NA;BENIGNA
B0_174;54;APACHE;4371179;BENIGNA
B0_2007;54;NGINX;NA;BENIGNA
B0_2045;54;MW2104.CODFW.WMNET;NA;BENIGNA
B0_2133;54;APACHE-COYOTE;NA;BENIGNA
B0_2207;54;APACHE;NA;BENIGNA
B0_230;54;CLOUDFLARE-NGINX;NA;BENIGNA
B0_247;54;NONE;6387104;BENIGNA
B0_320;54;SERVER;7982711;BENIGNA
B0_370;54;APACHE;9301984;BENIGNA
B0_387;54;APACHE;9626752;BENIGNA
B0_4;54;APACHE;NA;BENIGNA
B0_478;54;MICROSOFT-HTTPAPI;12263370;BENIGNA
B0_48;54;APACHE;1730284;BENIGNA
B0_594;54;NGINX;15234528;BENIGNA
B0_665;54;MW2230.CODFW.WMNET;17371973;BENIGNA
B0_750;54;NONE;19472649;BENIGNA
B0_799;54;APACHE;NA;BENIGNA
B0_858;54;MICROSOFT-HTTPAPI;NA;BENIGNA
B0_968;54;CLOUDFLARE-NGINX;NA;BENIGNA
M0_102;55;APACHE;486435;MALIGNA
M0_84;55;APACHE;454090;MALIGNA
B0_1039;55;APACHE;NA;BENIGNA
B0_1047;55;APACHE;NA;BENIGNA
B0_1126;55;APACHE;NA;BENIGNA
B0_1146;55;NGINX;NA;BENIGNA
B0_1168;55;.V01 APACHE;NA;BENIGNA
B0_1187;55;APACHE;NA;BENIGNA
B0_1339;55;ATS;NA;BENIGNA
B0_1354;55;CLOUDFLARE-NGINX;NA;BENIGNA
B0_1368;55;MW2164.CODFW.WMNET;NA;BENIGNA
B0_1421;55;APACHE;NA;BENIGNA
B0_177;55;NGINX;NA;BENIGNA
B0_201;55;MW2110.CODFW.WMNET;5250632;BENIGNA
B0_2023;55;CLOUDFLARE-NGINX;NA;BENIGNA
B0_2071;55;NGINX;NA;BENIGNA
B0_21;55;APACHE;791220;BENIGNA
B0_2141;55;APACHE;NA;BENIGNA
B0_2190;55;MW2176.CODFW.WMNET;NA;BENIGNA
B0_2300;55;MW2187.CODFW.WMNET;NA;BENIGNA
B0_346;55;SERVER;NA;BENIGNA
B0_415;55;ATS;NA;BENIGNA
B0_502;55;MW2239.CODFW.WMNET;12687004;BENIGNA
B0_664;55;NONE;17368183;BENIGNA
B0_706;55;NONE;18703633;BENIGNA
B0_716;55;NONE;18922960;BENIGNA
B0_738;55;SERVER;NA;BENIGNA
B0_815;55;MICROSOFT-IIS;NA;BENIGNA
B0_879;55;NONE;NA;BENIGNA
B0_936;55;MW2106.CODFW.WMNET;NA;BENIGNA
B0_959;55;MICROSOFT-HTTPAPI;NA;BENIGNA
M0_93;56;NGINX;471381;MALIGNA
B0_1;56;APACHE;NA;BENIGNA
B0_1110;56;NONE;NA;BENIGNA
B0_1124;56;APACHE;NA;BENIGNA
B0_1144;56;MICROSOFT-IIS;NA;BENIGNA
B0_1179;56;NONE;NA;BENIGNA
B0_1214;56;APACHE;NA;BENIGNA
B0_1227;56;NONE;NA;BENIGNA
B0_1276;56;APACHE;NA;BENIGNA
B0_1317;56;MICROSOFT-HTTPAPI;NA;BENIGNA
B0_1396;56;APACHE-COYOTE;NA;BENIGNA
B0_2062;56;NONE;NA;BENIGNA
B0_2215;56;NGINX;NA;BENIGNA
B0_225;56;NONE;5681062;BENIGNA
B0_2281;56;APACHE;NA;BENIGNA
B0_249;56;NONE;6389013;BENIGNA
B0_28;56;MICROSOFT-HTTPAPI;1134408;BENIGNA
B0_394;56;APACHE;NA;BENIGNA
B0_421;56;MICROSOFT-HTTPAPI;10562540;BENIGNA
B0_473;56;APACHE;12245698;BENIGNA
B0_514;56;NGINX;12831422;BENIGNA
B0_522;56;APACHE;12908288;BENIGNA
B0_56;56;NGINX;2185970;BENIGNA
B0_615;56;MICROSOFT-HTTPAPI;15804799;BENIGNA
B0_714;56;MW2228.CODFW.WMNET;18922960;BENIGNA
B0_853;56;APACHE;NA;BENIGNA
B0_867;56;APACHE;NA;BENIGNA
B0_881;56;AERIA GAMES & ENTERTAINMENT;NA;BENIGNA
B0_943;56;APACHE;NA;BENIGNA
B0_944;56;NGINX;NA;BENIGNA
B0_98;56;NGINX;2937130;BENIGNA
B0_984;56;NGINX;NA;BENIGNA
B0_986;56;APACHE;NA;BENIGNA
B0_1041;57;APACHE;NA;BENIGNA
B0_1092;57;MW2173.CODFW.WMNET;NA;BENIGNA
B0_1249;57;APACHE;NA;BENIGNA
B0_1348;57;SERVER;NA;BENIGNA
B0_1414;57;NONE;NA;BENIGNA
B0_2081;57;APACHE;NA;BENIGNA
B0_2130;57;APACHE-COYOTE;NA;BENIGNA
B0_2150;57;MICROSOFT-HTTPAPI;NA;BENIGNA
B0_2167;57;MICROSOFT-HTTPAPI;NA;BENIGNA
B0_2173;57;NONE;NA;BENIGNA
B0_2191;57;APACHE;NA;BENIGNA
B0_250;57;NONE;6412501;BENIGNA
B0_299;57;NGINX;7566646;BENIGNA
B0_375;57;NGINX;9332545;BENIGNA
B0_413;57;APACHE;10277467;BENIGNA
B0_458;57;APACHE;12059091;BENIGNA
B0_517;57;APACHE;12845713;BENIGNA
B0_535;57;APACHE;13729970;BENIGNA
B0_546;57;CLOUDFLARE-NGINX;NA;BENIGNA
B0_578;57;SERVER;NA;BENIGNA
B0_625;57;NGINX;16073237;BENIGNA
B0_636;57;APACHE;NA;BENIGNA
B0_732;57;MICROSOFT-IIS;19338474;BENIGNA
B0_749;57;MICROSOFT-HTTPAPI;19459424;BENIGNA
B0_75;57;APACHE;2755203;BENIGNA
B0_791;57;APACHE;NA;BENIGNA
B0_86;57;APACHE;2867079;BENIGNA
B0_882;57;NGINX;NA;BENIGNA
B0_932;57;MW2198.CODFW.WMNET;NA;BENIGNA
B0_996;57;APACHE;NA;BENIGNA
M0_103;58;APACHE;486950;MALIGNA
M0_83;58;NGINX;446090;MALIGNA
B0_1025;58;APACHE;NA;BENIGNA
B0_1107;58;APACHE;NA;BENIGNA
B0_1256;58;MICROSOFT-HTTPAPI;NA;BENIGNA
B0_1274;58;MICROSOFT-HTTPAPI;NA;BENIGNA
B0_2031;58;NGINX;NA;BENIGNA
B0_2074;58;NGINX;NA;BENIGNA
B0_2201;58;GSE;NA;BENIGNA
B0_2223;58;NONE;NA;BENIGNA
B0_2254;58;NGINX;NA;BENIGNA
B0_302;58;APACHE;7718158;BENIGNA
B0_329;58;MICROSOFT-HTTPAPI;8226698;BENIGNA
B0_338;58;NGINX;8376440;BENIGNA
B0_358;58;NONE;9055116;BENIGNA
B0_368;58;MICROSOFT-HTTPAPI;9269608;BENIGNA
B0_554;58;APACHE;NA;BENIGNA
B0_598;58;MW2172.CODFW.WMNET;15267125;BENIGNA
B0_604;58;NGINX;15431148;BENIGNA
B0_776;58;NGINX;NA;BENIGNA
B0_845;58;SERVER;NA;BENIGNA
B0_857;58;SERVER;NA;BENIGNA
B0_921;58;NGINX;NA;BENIGNA
B0_1081;59;SERVER;NA;BENIGNA
B0_1119;59;CLOUDFLARE-NGINX;NA;BENIGNA
B0_1138;59;NONE;NA;BENIGNA
B0_1153;59;APACHE;NA;BENIGNA
B0_12;59;MICROSOFT-IIS;729069;BENIGNA
B0_1206;59;NGINX;NA;BENIGNA
B0_1233;59;APACHE;NA;BENIGNA
B0_1269;59;NGINX;NA;BENIGNA
B0_1331;59;NONE;NA;BENIGNA
B0_1358;59;APACHE;NA;BENIGNA
B0_1399;59;NONE;NA;BENIGNA
B0_1417;59;NONE;NA;BENIGNA
B0_2047;59;NONE;NA;BENIGNA
B0_2050;59;NONE;NA;BENIGNA
B0_2115;59;APACHE;NA;BENIGNA
B0_2243;59;APACHE;NA;BENIGNA
B0_227;59;ATS;5835342;BENIGNA
B0_265;59;NGINX;6663765;BENIGNA
B0_296;59;MICROSOFT-HTTPAPI;7514719;BENIGNA
B0_397;59;NONE;9818174;BENIGNA
B0_426;59;NGINX;NA;BENIGNA
B0_486;59;MICROSOFT-HTTPAPI;12327606;BENIGNA
B0_516;59;APACHE;12837040;BENIGNA
B0_592;59;NONE;15224618;BENIGNA
B0_600;59;MICROSOFT-IIS;NA;BENIGNA
B0_618;59;CLOUDFLARE-NGINX;NA;BENIGNA
B0_620;59;APACHE;15982915;BENIGNA
B0_674;59;NGINX;17574622;BENIGNA
B0_718;59;APACHE;18932767;BENIGNA
B0_779;59;NGINX;NA;BENIGNA
B0_802;59;APACHE;NA;BENIGNA
B0_87;59;CLOUDFLARE-NGINX;2867527;BENIGNA
B0_93;59;MICROSOFT-IIS;2931723;BENIGNA
B0_999;59;NGINX;NA;BENIGNA
B0_1031;60;APACHE;NA;BENIGNA
B0_119;60;APACHE;NA;BENIGNA
B0_1211;60;NONE;NA;BENIGNA
B0_1278;60;CLOUDFLARE-NGINX;NA;BENIGNA
B0_1297;60;APACHE;NA;BENIGNA
B0_1400;60;MICROSOFT-HTTPAPI;NA;BENIGNA
B0_2035;60;COWBOY;NA;BENIGNA
B0_2053;60;NGINX;NA;BENIGNA
B0_2108;60;APACHE;NA;BENIGNA
B0_2168;60;NONE;NA;BENIGNA
B0_2292;60;NGINX;NA;BENIGNA
B0_2312;60;APACHE;NA;BENIGNA
B0_359;60;CLOUDFLARE-NGINX;NA;BENIGNA
B0_384;60;NGINX;9556703;BENIGNA
B0_447;60;MICROSOFT-HTTPAPI;11940602;BENIGNA
B0_611;60;APACHE;15784630;BENIGNA
B0_627;60;APACHE;16224231;BENIGNA
B0_635;60;MW2113.CODFW.WMNET;16320496;BENIGNA
B0_662;60;NONE;17181889;BENIGNA
B0_675;60;MICROSOFT-IIS;17574622;BENIGNA
B0_70;60;APACHE;2573752;BENIGNA
B0_770;60;CLOUDFLARE-NGINX;NA;BENIGNA
B0_8;60;NGINX;718203;BENIGNA
B0_953;60;APACHE;NA;BENIGNA
B0_972;60;APACHE;NA;BENIGNA
M0_56;61;APACHE;NA;MALIGNA
B0_1113;61;MICROSOFT-IIS;NA;BENIGNA
B0_1189;61;APACHE;NA;BENIGNA
B0_1231;61;APACHE;NA;BENIGNA
B0_1290;61;CLOUDFLARE-NGINX;NA;BENIGNA
B0_1366;61;APACHE;NA;BENIGNA
B0_1409;61;MICROSOFT-IIS;NA;BENIGNA
B0_157;61;APACHE;3940025;BENIGNA
B0_164;61;APACHE;4229770;BENIGNA
B0_2012;61;NGINX;NA;BENIGNA
B0_2059;61;APACHE;NA;BENIGNA
B0_2086;61;NGINX;NA;BENIGNA
B0_2091;61;SERVER;NA;BENIGNA
B0_2200;61;NONE;NA;BENIGNA
B0_2210;61;SERVER;NA;BENIGNA
B0_2287;61;NONE;NA;BENIGNA
B0_2322;61;APACHE;NA;BENIGNA
B0_240;61;APACHE;6044425;BENIGNA
B0_272;61;APACHE;NA;BENIGNA
B0_342;61;CLOUDFLARE-NGINX;8552044;BENIGNA
B0_350;61;NGINX;8882452;BENIGNA
B0_924;61;MICROSOFT-IIS;NA;BENIGNA
B0_973;61;NGINX;NA;BENIGNA
B0_106;62;APACHE;3119196;BENIGNA
B0_1106;62;MW2224.CODFW.WMNET;NA;BENIGNA
B0_1133;62;NGINX;NA;BENIGNA
B0_1171;62;APACHE;NA;BENIGNA
B0_1212;62;APACHE;NA;BENIGNA
B0_1255;62;MW2171.CODFW.WMNET;NA;BENIGNA
B0_1327;62;APACHE;NA;BENIGNA
B0_1330;62;APACHE;NA;BENIGNA
B0_1379;62;MICROSOFT-HTTPAPI;NA;BENIGNA
B0_276;62;APACHE;7127233;BENIGNA
B0_383;62;AMAZONS3;NA;BENIGNA
B0_743;62;APACHE;19414255;BENIGNA
B0_788;62;MICROSOFT-IIS;NA;BENIGNA
B0_917;62;GSE;NA;BENIGNA
B0_995;62;APACHE;NA;BENIGNA
B0_100;63;CLOUDFLARE-NGINX;NA;BENIGNA
B0_1000;63;APACHE;NA;BENIGNA
B0_1182;63;MW2257.CODFW.WMNET;NA;BENIGNA
B0_1202;63;MW2226.CODFW.WMNET;NA;BENIGNA
B0_1291;63;APACHE;NA;BENIGNA
B0_204;63;MICROSOFT-HTTPAPI;5407047;BENIGNA
B0_2041;63;CLOUDFLARE-NGINX;NA;BENIGNA
B0_2154;63;MICROSOFT-HTTPAPI;NA;BENIGNA
B0_2276;63;APACHE;NA;BENIGNA
B0_3;63;APACHE;680743;BENIGNA
B0_380;63;MICROSOFT-HTTPAPI;9518036;BENIGNA
B0_417;63;APACHE;10359808;BENIGNA
B0_497;63;APACHE;12603193;BENIGNA
B0_52;63;DMS;1871077;BENIGNA
B0_547;63;MICROSOFT-HTTPAPI;13992382;BENIGNA
B0_558;63;NGINX;14657054;BENIGNA
B0_679;63;NONE;17758152;BENIGNA
B0_7;63;APACHE;716694;BENIGNA
B0_722;63;MICROSOFT-HTTPAPI;19139620;BENIGNA
B0_754;63;ATS;19650352;BENIGNA
B0_757;63;APACHE;19805924;BENIGNA
B0_771;63;APACHE;20412153;BENIGNA
B0_1105;64;NGINX;NA;BENIGNA
B0_1147;64;APACHE;NA;BENIGNA
B0_1267;64;NGINX;NA;BENIGNA
B0_1320;64;APACHE;NA;BENIGNA
B0_1364;64;SERVER;NA;BENIGNA
B0_1376;64;APACHE-COYOTE;NA;BENIGNA
B0_191;64;APACHE;NA;BENIGNA
B0_2049;64;APACHE-COYOTE;NA;BENIGNA
B0_2114;64;NONE;NA;BENIGNA
B0_2195;64;NGINX;NA;BENIGNA
B0_318;64;SERVER;NA;BENIGNA
B0_323;64;APACHE;8045091;BENIGNA
B0_405;64;SERVER;9921138;BENIGNA
B0_657;64;MICROSOFT-HTTPAPI;17143912;BENIGNA
B0_78;64;MICROSOFT-IIS;NA;BENIGNA
B0_844;64;APPLICATION-SERVER;NA;BENIGNA
B0_860;64;CLOUDFLARE-NGINX;NA;BENIGNA
B0_983;64;NONE;NA;BENIGNA
B0_1003;65;MICROSOFT-IIS;NA;BENIGNA
B0_1356;65;SERVER;NA;BENIGNA
B0_1367;65;APACHE;NA;BENIGNA
B0_186;65;NGINX + PHUSION PASSENGER;4896743;BENIGNA
B0_2129;65;NGINX;NA;BENIGNA
B0_2189;65;NGINX;NA;BENIGNA
B0_224;65;NONE;5680539;BENIGNA
B0_344;65;CLOUDFLARE-NGINX;NA;BENIGNA
B0_449;65;APACHE;11980390;BENIGNA
B0_481;65;APACHE;12280858;BENIGNA
B0_538;65;APACHE;NA;BENIGNA
B0_76;65;APACHE;2758209;BENIGNA
B0_825;65;APACHE;NA;BENIGNA
B0_929;65;NGINX;NA;BENIGNA
M0_85;66;APACHE;NA;MALIGNA
B0_1018;66;APACHE;NA;BENIGNA
B0_1040;66;ATS;NA;BENIGNA
B0_1406;66;SERVER;NA;BENIGNA
B0_2134;66;NA;NA;BENIGNA
B0_2187;66;CLOUDFLARE-NGINX;NA;BENIGNA
B0_31;66;APACHE;1155247;BENIGNA
B0_846;66;CLOUDFLARE-NGINX;NA;BENIGNA
B0_933;66;APACHE;NA;BENIGNA
B0_969;66;APACHE;NA;BENIGNA
M0_177;67;NGINX;1145435;MALIGNA
B0_1023;67;ATS;NA;BENIGNA
B0_1197;67;APACHE;NA;BENIGNA
B0_1248;67;APACHE;NA;BENIGNA
B0_1309;67;LITESPEED;NA;BENIGNA
B0_198;67;MICROSOFT-HTTPAPI;5226786;BENIGNA
B0_2057;67;APACHE;NA;BENIGNA
B0_2120;67;NGINX;NA;BENIGNA
B0_2298;67;APACHE;NA;BENIGNA
B0_339;67;APACHE;8377193;BENIGNA
B0_440;67;APACHE;NA;BENIGNA
B0_513;67;MW2177.CODFW.WMNET;12825387;BENIGNA
B0_643;67;APACHE;16719199;BENIGNA
B0_655;67;JETTY(9.0.Z-SNAPSHOT);NA;BENIGNA
B0_88;67;APACHE-COYOTE;2868119;BENIGNA
B0_1235;68;NGINX;NA;BENIGNA
B0_1254;68;APACHE;NA;BENIGNA
B0_1386;68;ORACLE-IPLANET-WEB-SERVER;NA;BENIGNA
B0_148;68;LIGHTTPD;3720054;BENIGNA
B0_2286;68;CLOUDFLARE-NGINX;NA;BENIGNA
B0_2288;68;ATS;NA;BENIGNA
B0_27;68;APACHE;1068615;BENIGNA
B0_327;68;NGINX;8224935;BENIGNA
B0_651;68;SERVER;NA;BENIGNA
B0_684;68;MW2197.CODFW.WMNET;17836099;BENIGNA
B0_734;68;NGINX;19339331;BENIGNA
B0_79;68;NGINX;2775466;BENIGNA
B0_866;68;NGINX;NA;BENIGNA
B0_957;68;SERVER;NA;BENIGNA
M0_178;69;APACHE;NA;MALIGNA
B0_1077;69;GSE;NA;BENIGNA
B0_1098;69;NGINX;NA;BENIGNA
B0_115;69;APACHE;3174218;BENIGNA
B0_1194;69;NGINX;NA;BENIGNA
B0_1271;69;ATS;NA;BENIGNA
B0_1273;69;NGINX;NA;BENIGNA
B0_133;69;NGINX;3402958;BENIGNA
B0_1395;69;SERVER;NA;BENIGNA
B0_2006;69;APACHE;NA;BENIGNA
B0_2246;69;APACHE-COYOTE;NA;BENIGNA
B0_372;69;NONE;9329949;BENIGNA
B0_459;69;APACHE;12069934;BENIGNA
B0_47;69;ATS;1718289;BENIGNA
B0_530;69;SERVER;NA;BENIGNA
B0_545;69;NGINX;13916758;BENIGNA
B0_58;69;APACHE;2353698;BENIGNA
B0_745;69;JETTY(9.0.Z-SNAPSHOT);NA;BENIGNA
B0_955;69;GSE;NA;BENIGNA
M1_1;70;APACHE;NA;MALIGNA
B0_1016;70;APACHE;NA;BENIGNA
B0_1045;70;MICROSOFT-IIS;NA;BENIGNA
B0_1057;70;MICROSOFT-HTTPAPI;NA;BENIGNA
B0_1155;70;APACHE;NA;BENIGNA
B0_1169;70;CLOUDFLARE-NGINX;NA;BENIGNA
B0_1246;70;APACHE;NA;BENIGNA
B0_130;70;APACHE;3398412;BENIGNA
B0_1407;70;MW2178.CODFW.WMNET;NA;BENIGNA
B0_151;70;294;3722902;BENIGNA
B0_2028;70;NGINX;NA;BENIGNA
B0_2161;70;MICROSOFT-IIS;NA;BENIGNA
B0_2169;70;APACHE;NA;BENIGNA
B0_2283;70;NGINX;NA;BENIGNA
B0_2308;70;MICROSOFT-IIS;NA;BENIGNA
B0_260;70;APACHE;6649052;BENIGNA
B0_264;70;MICROSOFT-HTTPAPI;NA;BENIGNA
B0_367;70;MICROSOFT-IIS;9247798;BENIGNA
B0_654;70;MICROSOFT-IIS;17050021;BENIGNA
B0_681;70;NGINX;17825911;BENIGNA
B0_893;70;NGINX;NA;BENIGNA
B0_899;70;MICROSOFT-IIS;NA;BENIGNA
B0_941;70;NGINX;NA;BENIGNA
B0_1067;71;MICROSOFT-HTTPAPI;NA;BENIGNA
B0_1173;71;CLOUDFLARE-NGINX;NA;BENIGNA
B0_1345;71;GSE;NA;BENIGNA
B0_1371;71;SERVER;NA;BENIGNA
B0_168;71;GSE;4264500;BENIGNA
B0_175;71;NONE;4449075;BENIGNA
B0_207;71;APACHE;NA;BENIGNA
B0_66;71;NGINX;2565665;BENIGNA
B0_669;71;DMS;17415791;BENIGNA
B0_678;71;NGINX;17758152;BENIGNA
B0_692;71;ATS;18148578;BENIGNA
B0_707;71;SERVER;NA;BENIGNA
B0_72;71;SERVER;NA;BENIGNA
B0_728;71;APACHE-COYOTE;19177484;BENIGNA
B0_828;71;MICROSOFT-IIS;NA;BENIGNA
B0_875;71;MICROSOFT-HTTPAPI;NA;BENIGNA
B0_1145;72;CLOUDFLARE-NGINX;NA;BENIGNA
B0_1164;72;NGINX;NA;BENIGNA
B0_1172;72;APACHE;NA;BENIGNA
B0_1275;72;NONE;NA;BENIGNA
B0_1282;72;MICROSOFT-HTTPAPI;NA;BENIGNA
B0_1313;72;APACHE;NA;BENIGNA
B0_141;72;APACHE;3487871;BENIGNA
B0_2040;72;APACHE;NA;BENIGNA
B0_2084;72;MICROSOFT-IIS;NA;BENIGNA
B0_24;72;SERVER;NA;BENIGNA
B0_244;72;APACHE;6231020;BENIGNA
B0_335;72;NONE;8251676;BENIGNA
B0_343;72;APACHE;8572376;BENIGNA
B0_489;72;APACHE;12349360;BENIGNA
B0_623;72;WWW.LEXISNEXIS.COM  9999;16035098;BENIGNA
B0_852;72;NGINX;NA;BENIGNA
B0_888;72;APACHE-COYOTE;NA;BENIGNA
B0_930;72;NGINX;NA;BENIGNA
B0_1001;73;CLOUDFLARE-NGINX;NA;BENIGNA
B0_1074;73;APACHE;NA;BENIGNA
B0_1082;73;APACHE;NA;BENIGNA
B0_1184;73;NONE;NA;BENIGNA
B0_1229;73;NGINX;NA;BENIGNA
B0_1240;73;APACHE;NA;BENIGNA
B0_132;73;APACHE;3401576;BENIGNA
B0_1334;73;APACHE;NA;BENIGNA
B0_213;73;APACHE;5611433;BENIGNA
B0_2235;73;APACHE;NA;BENIGNA
B0_2248;73;GSE;NA;BENIGNA
B0_2321;73;CLOUDFLARE-NGINX;NA;BENIGNA
B0_279;73;SQUID;7139786;BENIGNA
B0_36;73;APACHE-COYOTE;1288779;BENIGNA
B0_559;73;NGINX;14727797;BENIGNA
B0_699;73;SERVER;NA;BENIGNA
B0_804;73;MW2242.CODFW.WMNET;NA;BENIGNA
M0_167;74;CLOUDFLARE-NGINX;1121673;MALIGNA
B0_1162;74;MICROSOFT-IIS;NA;BENIGNA
B0_147;74;APACHE-COYOTE;NA;BENIGNA
B0_2208;74;SERVER;NA;BENIGNA
B0_2251;74;MICROSOFT-HTTPAPI;NA;BENIGNA
B0_352;74;NGINX;8891403;BENIGNA
B0_454;74;NONE;NA;BENIGNA
M0_62;75;APACHE;NA;MALIGNA
B0_1360;75;GSE;NA;BENIGNA
B0_196;75;NONE;5211109;BENIGNA
B0_2238;75;MW2238.CODFW.WMNET;NA;BENIGNA
B0_248;75;MICROSOFT-HTTPAPI;6387825;BENIGNA
B0_404;75;GSE;9921138;BENIGNA
B0_868;75;PIZZA;NA;BENIGNA
B0_987;75;CLOUDFLARE-NGINX;NA;BENIGNA
B0_2157;76;MICROSOFT-IIS;NA;BENIGNA
B0_534;76;NONE;13728486;BENIGNA
B0_80;76;MICROSOFT-HTTPAPI;2777606;BENIGNA
B0_81;76;MICROSOFT-IIS;NA;BENIGNA
B0_842;76;APACHE;NA;BENIGNA
B0_912;76;XXXXXXXXXXXXXXXXXXXXXX;NA;BENIGNA
B0_2013;77;MICROSOFT-HTTPAPI;NA;BENIGNA
B0_2174;77;APACHE;NA;BENIGNA
B0_2272;77;MICROSOFT-HTTPAPI;NA;BENIGNA
B0_431;77;SUCURI;10892536;BENIGNA
B0_432;77;GSE;10893114;BENIGNA
B0_735;77;NGINX;19340237;BENIGNA
B0_751;77;ATS;19482101;BENIGNA
B0_1203;78;APACHE;NA;BENIGNA
B0_134;78;CLOUDFLARE-NGINX;3403680;BENIGNA
B0_1393;78;MW2165.CODFW.WMNET;NA;BENIGNA
B0_2021;78;CLOUDFLARE-NGINX;NA;BENIGNA
B0_212;78;APACHE;NA;BENIGNA
B0_2146;78;GSE;NA;BENIGNA
B0_2203;78;NONE;NA;BENIGNA
B0_2211;78;VARNISH;NA;BENIGNA
B0_278;78;MW2224.CODFW.WMNET;7133638;BENIGNA
B0_433;78;APACHE;10903727;BENIGNA
B0_680;78;PIZZA;NA;BENIGNA
B0_748;78;MICROSOFT-IIS;19459424;BENIGNA
B0_784;78;SERVER;NA;BENIGNA
B0_964;78;APACHE;NA;BENIGNA
B0_99;78;MI;3010405;BENIGNA
B0_1072;79;MICROSOFT-IIS;NA;BENIGNA
B0_1121;79;NONE;NA;BENIGNA
B0_1193;79;CLOUDFLARE-NGINX;NA;BENIGNA
B0_1223;79;NONE;NA;BENIGNA
B0_1355;79;APACHE-COYOTE;NA;BENIGNA
B0_2164;79;APACHE;NA;BENIGNA
B0_269;79;ROXEN;6756743;BENIGNA
B0_456;79;APACHE;12044536;BENIGNA
B0_1086;80;NONE;NA;BENIGNA
B0_1094;80;APACHE;NA;BENIGNA
B0_129;80;GSE;3397914;BENIGNA
B0_1389;80;NONE;NA;BENIGNA
B0_142;80;CLOUDFLARE-NGINX;3499588;BENIGNA
B0_2077;80;NGINX;4075081;BENIGNA
B0_2145;80;MICROSOFT-HTTPAPI;NA;BENIGNA
B0_463;80;NGINX;12078068;BENIGNA
B0_756;80;MICROSOFT-HTTPAPI;19801289;BENIGNA
B0_810;80;SERVER;NA;BENIGNA
B0_849;80;GSE;NA;BENIGNA
B0_878;80;APACHE;NA;BENIGNA
M4_70;81;MICROSOFT-IIS;NA;MALIGNA
M4_71;81;MICROSOFT-IIS;NA;MALIGNA
B0_101;81;GSE;3087070;BENIGNA
B0_118;81;APACHE;3185723;BENIGNA
B0_2311;81;MICROSOFT-HTTPAPI;NA;BENIGNA
B0_469;81;APACHE;12234128;BENIGNA
B0_519;81;MICROSOFT-HTTPAPI;12849475;BENIGNA
B0_649;81;CLOUDFLARE-NGINX;16981569;BENIGNA
B0_712;81;CLOUDFLARE-NGINX;NA;BENIGNA
B0_720;81;APACHE;18935382;BENIGNA
B0_83;81;APACHE;2863707;BENIGNA
M4_69;82;MICROSOFT-IIS;NA;MALIGNA
M4_72;82;MICROSOFT-IIS;NA;MALIGNA
M4_73;82;MICROSOFT-IIS;NA;MALIGNA
M4_74;82;MICROSOFT-IIS;NA;MALIGNA
B0_2051;82;NGINX;NA;BENIGNA
B0_2060;82;MICROSOFT-HTTPAPI;NA;BENIGNA
B0_2267;82;NONE;NA;BENIGNA
B0_228;82;APACHE;5835342;BENIGNA
B0_284;82;CLOUDFLARE-NGINX;NA;BENIGNA
B0_382;82;MICROSOFT-HTTPAPI;9532801;BENIGNA
B0_77;82;GSE;2765681;BENIGNA
B0_808;82;APACHE;NA;BENIGNA
B0_97;82;CLOUDFLARE-NGINX;2935793;BENIGNA
M4_64;83;MICROSOFT-IIS;NA;MALIGNA
B0_1035;83;SERVER;NA;BENIGNA
B0_202;83;APACHE;5256508;BENIGNA
B0_2096;83;NGINX;NA;BENIGNA
B0_210;83;NGINX;5457369;BENIGNA
B0_232;83;CLOUDFLARE-NGINX;6014723;BENIGNA
B0_423;83;GSE;10563806;BENIGNA
B0_488;83;APACHE;12349360;BENIGNA
B0_752;83;NGINX;19632922;BENIGNA
B0_806;83;APACHE-COYOTE;NA;BENIGNA
M0_63;84;APACHE;NA;MALIGNA
B0_1071;84;APACHE;NA;BENIGNA
B0_1385;84;APACHE;NA;BENIGNA
B0_1394;84;APACHE;NA;BENIGNA
B0_219;84;NONE;5645304;BENIGNA
B0_2225;84;GSE;NA;BENIGNA
M0_61;85;APACHE;NA;MALIGNA
B0_1048;85;NONE;NA;BENIGNA
B0_2083;85;CLOUDFLARE-NGINX;NA;BENIGNA
B0_2256;85;GSE;NA;BENIGNA
B0_1261;86;GSE;NA;BENIGNA
B0_1352;86;APACHE;NA;BENIGNA
B0_2075;86;APACHE;NA;BENIGNA
B0_2196;86;NONE;NA;BENIGNA
B0_340;86;ROXEN;8527626;BENIGNA
B0_430;86;GSE;10873339;BENIGNA
B0_595;86;CLOUDFLARE-NGINX;NA;BENIGNA
B0_958;86;APACHE;NA;BENIGNA
B0_1069;87;NGINX;NA;BENIGNA
B0_122;87;MW2180.CODFW.WMNET;3192830;BENIGNA
B0_2181;87;NGINX;NA;BENIGNA
B0_407;87;MICROSOFT-IIS;10074219;BENIGNA
B0_508;87;MICROSOFT-HTTPAPI;12737521;BENIGNA
B0_589;87;NGINX;NA;BENIGNA
B0_892;87;GSE;NA;BENIGNA
B0_1006;88;MICROSOFT-HTTPAPI;NA;BENIGNA
B0_2022;88;NONE;NA;BENIGNA
B0_2306;88;MICROSOFT-IIS;NA;BENIGNA
B0_2318;88;CLOUDFLARE-NGINX;NA;BENIGNA
B0_378;88;NGINX;9499268;BENIGNA
B0_42;88;PIZZA;NA;BENIGNA
B0_494;88;APACHE;12366565;BENIGNA
B0_591;88;APACHE;15183211;BENIGNA
B0_785;88;MICROSOFT-IIS;NA;BENIGNA
M4_27;89;APACHE;NA;MALIGNA
B0_2017;89;NONE;NA;BENIGNA
B0_2039;89;APACHE;NA;BENIGNA
B0_2117;89;CLOUDFLARE-NGINX;NA;BENIGNA
B0_2159;89;MICROSOFT-HTTPAPI;NA;BENIGNA
B0_2175;89;MICROSOFT-IIS;NA;BENIGNA
B0_2178;89;CLOUDFLARE-NGINX;NA;BENIGNA
B0_336;89;GSE;8360516;BENIGNA
B0_672;89;APACHE;17567176;BENIGNA
B0_768;89;EBAY SERVER;NA;BENIGNA
B0_1004;90;NGINX;NA;BENIGNA
B0_2255;90;NGINX;NA;BENIGNA
B0_2273;90;APACHE;NA;BENIGNA
B0_57;90;NGINX;2336356;BENIGNA
B0_621;90;NGINX;15995626;BENIGNA
B0_767;90;EBAY SERVER;NA;BENIGNA
B0_960;90;EBAY SERVER;NA;BENIGNA
B0_533;91;GSE;13727944;BENIGNA
B0_645;91;APACHE;16776499;BENIGNA
B0_821;91;APACHE;NA;BENIGNA
B0_1093;92;APACHE;NA;BENIGNA
B0_1324;92;APACHE;NA;BENIGNA
B0_475;92;MICROSOFT-IIS;12259803;BENIGNA
B0_566;92;APACHE;14769880;BENIGNA
B0_629;92;NONE;16275773;BENIGNA
B0_826;92;NONE;NA;BENIGNA
B0_901;92;NONE;NA;BENIGNA
M4_63;93;MICROSOFT-IIS;NA;MALIGNA
B0_139;93;MICROSOFT-IIS;NA;BENIGNA
M0_168;94;APACHE;1121673;MALIGNA
M4_65;94;MICROSOFT-IIS;NA;MALIGNA
M4_68;94;MICROSOFT-IIS;NA;MALIGNA
B0_668;94;APACHE;17386411;BENIGNA
M4_66;95;MICROSOFT-IIS;NA;MALIGNA
M4_67;95;MICROSOFT-IIS;NA;MALIGNA
B0_1183;95;MICROSOFT-IIS;NA;BENIGNA
B0_1253;95;NGINX;NA;BENIGNA
B0_185;95;NGINX;NA;BENIGNA
B0_2094;95;MICROSOFT-HTTPAPI;NA;BENIGNA
B0_2209;95;VARNISH;NA;BENIGNA
B0_1263;96;NGINX;NA;BENIGNA
B0_805;96;VARNISH;NA;BENIGNA
B0_819;96;NGINX;NA;BENIGNA
M0_172;97;APACHE;NA;MALIGNA
M0_174;97;APACHE;NA;MALIGNA
B0_255;97;CLOUDFLARE-NGINX;NA;BENIGNA
B0_300;97;APACHE;7717074;BENIGNA
B0_673;97;MICROSOFT-HTTPAPI;17573719;BENIGNA
B0_1208;98;MICROSOFT-HTTPAPI;NA;BENIGNA
B0_2063;98;MICROSOFT-IIS;NA;BENIGNA
B0_2216;98;NGINX;NA;BENIGNA
B0_243;98;NGINX;NA;BENIGNA
B0_355;98;NGINX;9047644;BENIGNA
B0_693;98;NGINX;18299382;BENIGNA
M4_17;99;APACHE;NA;MALIGNA
M4_7;99;APACHE;NA;MALIGNA
B0_1134;99;APACHE;NA;BENIGNA
B0_2234;99;APACHE;NA;BENIGNA
B0_334;99;MICROSOFT-IIS;8251676;BENIGNA
B0_374;99;MICROSOFT-IIS;9331749;BENIGNA
M4_1;100;APACHE;NA;MALIGNA
M4_10;100;APACHE;NA;MALIGNA
M4_11;100;APACHE;NA;MALIGNA
M4_12;100;APACHE;NA;MALIGNA
M4_13;100;APACHE;NA;MALIGNA
M4_14;100;APACHE;NA;MALIGNA
M4_15;100;APACHE;NA;MALIGNA
M4_16;100;APACHE;NA;MALIGNA
M4_18;100;APACHE;NA;MALIGNA
M4_19;100;APACHE;NA;MALIGNA
M4_2;100;APACHE;NA;MALIGNA
M4_20;100;APACHE;NA;MALIGNA
M4_21;100;APACHE;NA;MALIGNA
M4_22;100;APACHE;NA;MALIGNA
M4_23;100;APACHE;NA;MALIGNA
M4_24;100;APACHE;NA;MALIGNA
M4_25;100;APACHE;NA;MALIGNA
M4_26;100;APACHE;NA;MALIGNA
M4_3;100;APACHE;NA;MALIGNA
M4_4;100;APACHE;NA;MALIGNA
M4_5;100;APACHE;NA;MALIGNA
M4_6;100;APACHE;NA;MALIGNA
M4_8;100;APACHE;NA;MALIGNA
M4_9;100;APACHE;NA;MALIGNA
B0_187;100;APACHE;4896743;BENIGNA
B0_2042;100;NGINX;NA;BENIGNA
B0_490;100;NGINX;12349636;BENIGNA
B0_1058;101;NGINX;NA;BENIGNA
B0_193;101;NGINX;5150316;BENIGNA
B0_214;101;MICROSOFT-IIS;5637810;BENIGNA
B0_2170;101;MICROSOFT-IIS;NA;BENIGNA
B0_540;101;GSE;13752057;BENIGNA
B0_574;101;NGINX;14780804;BENIGNA
B0_763;101;APACHE;20020031;BENIGNA
B0_772;101;APACHE;NA;BENIGNA
B0_1156;102;MICROSOFT-IIS;NA;BENIGNA
B0_1280;102;NGINX;NA;BENIGNA
B0_1377;102;VARNISH;NA;BENIGNA
B0_653;102;APACHE;17050021;BENIGNA
B0_922;102;NONE;NA;BENIGNA
B0_1064;103;APACHE;NA;BENIGNA
B0_1199;103;APACHE-COYOTE;NA;BENIGNA
B0_1292;103;APACHE;NA;BENIGNA
B0_1328;103;CLOUDFLARE-NGINX;NA;BENIGNA
B0_1426;103;APACHE;NA;BENIGNA
B0_1251;104;VARNISH;NA;BENIGNA
B0_2058;104;MICROSOFT-HTTPAPI;NA;BENIGNA
B0_2165;104;NGINX;NA;BENIGNA
B0_613;104;NONE;15803279;BENIGNA
B0_906;104;NGINX;NA;BENIGNA
M0_113;105;APACHE;494764;MALIGNA
B0_114;105;APACHE;3165957;BENIGNA
B0_2102;105;APACHE;NA;BENIGNA
B0_935;105;APACHE;NA;BENIGNA
B0_1043;106;APACHE;NA;BENIGNA
B0_1281;106;NONE;NA;BENIGNA
B0_2249;106;APACHE;NA;BENIGNA
B0_313;106;MICROSOFT-HTTPAPI;7912539;BENIGNA
B0_526;106;APACHE;13223841;BENIGNA
B0_925;106;NGINX;NA;BENIGNA
B0_2236;107;APACHE;NA;BENIGNA
B0_1302;108;NGINX;NA;BENIGNA
B0_301;108;MICROSOFT-IIS;7718158;BENIGNA
B0_512;108;NGINX;NA;BENIGNA
B0_851;109;VARNISH;NA;BENIGNA
B0_872;109;NGINX;NA;BENIGNA
B0_1034;110;APACHE;NA;BENIGNA
B0_46;110;APACHE;NA;BENIGNA
B0_188;111;APACHE;4897587;BENIGNA
B0_466;112;APACHE;12111366;BENIGNA
B0_877;112;NGINX;NA;BENIGNA
B0_1120;113;APACHE;NA;BENIGNA
B0_2018;113;BOSTON.COM FRONTEND;NA;BENIGNA
B0_1135;114;NGINX;NA;BENIGNA
B0_2092;114;CLOUDFLARE-NGINX;NA;BENIGNA
B0_2252;114;CLOUDFLARE-NGINX;NA;BENIGNA
B0_690;114;NONE;18139722;BENIGNA
B0_1322;115;JETTY(9.0.Z-SNAPSHOT);NA;BENIGNA
B0_135;115;APACHE;3403680;BENIGNA
B0_411;115;NGINX;10099920;BENIGNA
B0_1014;116;NONE;NA;BENIGNA
B0_257;116;MICROSOFT-HTTPAPI;6428782;BENIGNA
B0_605;116;APACHE;15582979;BENIGNA
B0_166;117;NGINX;4231812;BENIGNA
B0_452;117;APACHE;NA;BENIGNA
B0_35;118;NGINX;NA;BENIGNA
B0_561;118;EBAY SERVER;NA;BENIGNA
B0_398;120;MICROSOFT-HTTPAPI;NA;BENIGNA
B0_529;120;APACHE;13335225;BENIGNA
M4_29;122;APACHE;NA;MALIGNA
M4_38;122;APACHE;NA;MALIGNA
B0_2149;122;MY ARSE;NA;BENIGNA
B0_425;122;APACHE;10715821;BENIGNA
M4_31;123;APACHE;NA;MALIGNA
M4_42;123;APACHE;NA;MALIGNA
B0_1015;123;APACHE;NA;BENIGNA
B0_143;123;NGINX;3508879;BENIGNA
B0_422;123;APACHE;NA;BENIGNA
B0_54;123;APACHE;2022278;BENIGNA
M4_53;124;APACHE;NA;MALIGNA
M4_59;124;APACHE;NA;MALIGNA
B0_103;125;NGINX;3107292;BENIGNA
M4_33;126;APACHE;NA;MALIGNA
M4_36;126;APACHE;NA;MALIGNA
M4_51;126;APACHE;NA;MALIGNA
M4_58;126;APACHE;NA;MALIGNA
B0_145;126;IDEAWEBSERVER;NA;BENIGNA
B0_2080;126;MICROSOFT-IIS;NA;BENIGNA
B0_719;126;APACHE;18934527;BENIGNA
B0_2226;128;APACHE;NA;BENIGNA
M4_37;129;APACHE;NA;MALIGNA
B0_2072;129;APACHE;NA;BENIGNA
M0_118;131;CLOUDFLARE-NGINX;NA;MALIGNA
M4_52;132;APACHE;NA;MALIGNA
M4_60;132;APACHE;NA;MALIGNA
M4_55;134;APACHE;NA;MALIGNA
M4_30;135;APACHE;NA;MALIGNA
M4_44;135;APACHE;NA;MALIGNA
M4_46;135;APACHE;NA;MALIGNA
B0_834;136;NONE;NA;BENIGNA
B0_1215;137;APACHE;NA;BENIGNA
B0_84;139;APACHE;2863707;BENIGNA
M4_50;140;APACHE;NA;MALIGNA
M4_34;141;APACHE;NA;MALIGNA
B0_583;141;ATS;15047760;BENIGNA
B0_744;141;OPENRESTY;19417652;BENIGNA
B0_531;142;APACHE;13645244;BENIGNA
M4_32;143;APACHE;NA;MALIGNA
M4_47;143;APACHE;NA;MALIGNA
B0_2233;143;AKAMAIGHOST;NA;BENIGNA
B0_412;144;APACHE;10250740;BENIGNA
M4_28;145;APACHE;NA;MALIGNA
M4_40;145;APACHE;NA;MALIGNA
M4_56;145;APACHE;NA;MALIGNA
B0_216;145;NONE;5644341;BENIGNA
M4_49;146;APACHE;NA;MALIGNA
M4_57;146;APACHE;NA;MALIGNA
B0_221;146;NGINX;NA;BENIGNA
B0_1361;149;NONE;NA;BENIGNA
M4_35;150;APACHE;NA;MALIGNA
M4_54;151;APACHE;NA;MALIGNA
B0_755;154;NONE;19801289;BENIGNA
M4_62;156;APACHE;NA;MALIGNA
B0_62;160;NONE;NA;BENIGNA
B0_2237;161;APACHE;NA;BENIGNA
B0_2099;169;CLOUDFLARE-NGINX;NA;BENIGNA
M4_43;170;APACHE;NA;MALIGNA
M4_61;173;APACHE;NA;MALIGNA
M4_39;178;APACHE;NA;MALIGNA
B0_156;183;MICROSOFT-IIS;3940025;BENIGNA
M4_45;194;APACHE;NA;MALIGNA
M4_48;194;APACHE;NA;MALIGNA
M4_41;198;APACHE;NA;MALIGNA
B0_162;201;APACHE;4002426;BENIGNA
B0_1152;234;CLOUDFLARE-NGINX;NA;BENIGNA
B0_676;249;MICROSOFT-IIS;17606950;BENIGNA
